Station name;Parameter section;Parameter name;Value;Min Value;Max Value
ST0 - CAM0 - TIP INSPECTION;AcquisitionParameter;Numero di frames;0;100;0
ST0 - CAM0 - TIP INSPECTION;AcquisitionParameter;Tempo di esposizione [us];1000;10000;1
ST0 - CAM0 - TIP INSPECTION;AcquisitionParameter;Guadagno;0;1023;0
ST0 - CAM0 - TIP INSPECTION;AcquisitionParameter;On/Off Strobo;0;1;0
ST0 - CAM0 - TIP INSPECTION;AcquisitionParameter;Tempo di accensione strobo [us];1000;10000;0
ST0 - CAM0 - TIP INSPECTION;AcquisitionParameter;Ritardo acquisizione [us];0;1000;0
ST0 - CAM0 - TIP INSPECTION;AcquisitionParameter;Guadagno blu;250;1000;0
ST0 - CAM0 - TIP INSPECTION;AcquisitionParameter;Guadagno rosso;250;1000;0
ST0 - CAM0 - TIP INSPECTION;AcquisitionParameter;Guadagno verde;100;1000;0
ST0 - CAM0 - TIP INSPECTION;AcquisitionParameter;Pin di Uscita strobo;1;1000;0
ST0 - CAM0 - TIP INSPECTION;AcquisitionParameter;Ingresso trigger;0;1000;0
ST0 - CAM0 - TIP INSPECTION;AcquisitionParameter;Abilitazione A.O.I.;1;1;0
ST0 - CAM0 - TIP INSPECTION;AcquisitionParameter;A.O.I. X Start;576;1023;0
ST0 - CAM0 - TIP INSPECTION;AcquisitionParameter;A.O.I. Y Start;0;767;0
ST0 - CAM0 - TIP INSPECTION;AcquisitionParameter;A.O.I. Intervallo X;896;1024;0
ST0 - CAM0 - TIP INSPECTION;AcquisitionParameter;A.O.I. Intervallo Y;2048;2048;0
ST0 - CAM0 - TIP INSPECTION;FeaturesEnableParameter;M12 Analisi;3;5;0
ST0 - CAM0 - TIP INSPECTION;FeaturesEnableParameter;Risultato abilitato a display;5;17;0
ST0 - CAM0 - TIP INSPECTION;FeaturesEnableParameter;Abilitazione display analisi anelli;1;1;0
ST0 - CAM0 - TIP INSPECTION;FeaturesEnableParameter;Abilita testina M12;1;1;0
ST0 - CAM0 - TIP INSPECTION;FeaturesEnableParameter;Tipo Analisi FlipOff;2;5;0
ST0 - CAM0 - TIP INSPECTION;FeaturesEnableParameter;Tipo Analisi ghiera;2;4;0
ST0 - CAM0 - TIP INSPECTION;FeaturesEnableParameter;Tipo Analisi crimpatura;0;1;0
ST0 - CAM0 - TIP INSPECTION;FeaturesEnableParameter;Tipo rilevamento FlipOff;1;1;0
ST0 - CAM0 - TIP INSPECTION;FeaturesEnableParameter;Tipo Analisi FlipOff;0;4;0
ST0 - CAM0 - TIP INSPECTION;FeaturesEnableParameter;Selezione canale colore;3;12;0
ST0 - CAM0 - TIP INSPECTION;FeaturesEnableParameter;Abilita presenza flipOff;1;2;0
ST0 - CAM0 - TIP INSPECTION;FeaturesEnableParameter;On/Off Debug Info;1;1;0
ST0 - CAM0 - TIP INSPECTION;FeaturesEnableParameter;On/Off Salvataggio Img;0;1;0
ST0 - CAM0 - TIP INSPECTION;RecipeSimpleParameter;LowValue BinBlob;0;10000;0
ST0 - CAM0 - TIP INSPECTION;RecipeSimpleParameter;Area Minima BinBlol;500;10000;0
ST0 - CAM0 - TIP INSPECTION;RecipeSimpleParameter;Lut Hight Tip inspection;200;255;0
ST0 - CAM0 - TIP INSPECTION;RecipeSimpleParameter;Lut Low Tip inspection;0;255;0
ST0 - CAM0 - TIP INSPECTION;RecipeSimpleParameter;Soglia contrasto Rings;130;255;0
ST0 - CAM0 - TIP INSPECTION;RecipeSimpleParameter;Soglia altezza anelli;30;10000;0
ST0 - CAM0 - TIP INSPECTION;RecipeSimpleParameter;Colore Hue anello 1;-100;255;-255
ST0 - CAM0 - TIP INSPECTION;RecipeSimpleParameter;Colore Hue anello 2;150;255;-255
ST0 - CAM0 - TIP INSPECTION;RecipeSimpleParameter;Colore Hue anello 3;200;255;-255
ST0 - CAM0 - TIP INSPECTION;RecipeSimpleParameter;EdgeSum Threshold;10;10000;0
ST0 - CAM0 - TIP INSPECTION;RecipeSimpleParameter;TIP Edge Tol;40;10000;0
ST0 - CAM0 - TIP INSPECTION;RecipeSimpleParameter;BinBlob BlobAreaMin;0;10000;0
ST0 - CAM0 - TIP INSPECTION;RecipeSimpleParameter;BinBlob BlobAreaMax;0;10000;0
ST0 - CAM0 - TIP INSPECTION;RecipeSimpleParameter;BinBlob BlobAreaMax;0;10000;0
ST0 - CAM0 - TIP INSPECTION;RecipeSimpleParameter;BinBlob Max Blobs;0;10000;0
ST0 - CAM0 - TIP INSPECTION;RecipeSimpleParameter;BinBlob Max Blobs;0;10000;0
ST0 - CAM0 - TIP INSPECTION;RecipeSimpleParameter;BinBlob Sum Blobs AreaMax;0;10000;0
ST0 - CAM0 - TIP INSPECTION;RecipeSimpleParameter;$THRTipControlIntegralSumMin;0;10000;0
ST0 - CAM0 - TIP INSPECTION;RecipeSimpleParameter;TipControl Integral SumMax;0;10000;0
ST0 - CAM0 - TIP INSPECTION;RecipeSimpleParameter;TipControl Deviazione Angolare Min;0;10000;0
ST0 - CAM0 - TIP INSPECTION;RecipeSimpleParameter;Max Deviazione angolare;0;10000;0
ST0 - CAM0 - TIP INSPECTION;RecipeSimpleParameter;$THRTipControlMaxDistanceFromModelMin;0;10000;0
ST0 - CAM0 - TIP INSPECTION;RecipeSimpleParameter;TipControl Max Distance from Model;0;10000;0
ST0 - CAM0 - TIP INSPECTION;RecipeSimpleParameter;Altezza Minima Punta;0;10000;0
ST0 - CAM0 - TIP INSPECTION;RecipeSimpleParameter;Altezza Massima Punta;0;10000;0
ST0 - CAM0 - TIP INSPECTION;RecipeSimpleParameter;$THRCheckRingNumberOfRingsMin;0;10000;0
ST0 - CAM0 - TIP INSPECTION;RecipeSimpleParameter;Numero di anelli;0;10000;0
ST0 - CAM0 - TIP INSPECTION;RecipeSimpleParameter;Colore Anello 1 Min;0;10000;0
ST0 - CAM0 - TIP INSPECTION;RecipeSimpleParameter;Colore Anello 1 Max;0;10000;0
ST0 - CAM0 - TIP INSPECTION;RecipeSimpleParameter;Colore Anello 2 Min;0;10000;0
ST0 - CAM0 - TIP INSPECTION;RecipeSimpleParameter;Colore Anello 2 Max;0;10000;0
ST0 - CAM0 - TIP INSPECTION;RecipeSimpleParameter;Colore Anello 3 Min;0;10000;0
ST0 - CAM0 - TIP INSPECTION;RecipeSimpleParameter;Colore Anello 3 Max;0;10000;0
ST0 - CAM0 - TIP INSPECTION;RecipeSimpleParameter;Tempo di elaborazione;17;10000;0
ST0 - CAM0 - TIP INSPECTION;RecipeSimpleParameter;FlipOff Box Area ;5;10000;0
ST0 - CAM0 - TIP INSPECTION;RecipeSimpleParameter;FlipOff area minima Blob;10;10000;0
ST0 - CAM0 - TIP INSPECTION;RecipeSimpleParameter;FlipOff area massima Blob;3000;100000;0
ST0 - CAM0 - TIP INSPECTION;RecipeSimpleParameter;FlipOff Bin Low;2;255;0
ST0 - CAM0 - TIP INSPECTION;RecipeSimpleParameter;FlipOff Bin High;59;255;0
ST0 - CAM0 - TIP INSPECTION;RecipeSimpleParameter;FlipOff soglia relativa;50;255;-1
ST0 - CAM0 - TIP INSPECTION;RecipeSimpleParameter;FlipOff Sensibilità;2;1000;0
ST0 - CAM0 - TIP INSPECTION;RecipeSimpleParameter;AluSeal Box Area;50;10000;0
ST0 - CAM0 - TIP INSPECTION;RecipeSimpleParameter;AluSeal Min Area;10;10000;0
ST0 - CAM0 - TIP INSPECTION;RecipeSimpleParameter;AluSeal Max Area;6000;100000;0
ST0 - CAM0 - TIP INSPECTION;RecipeSimpleParameter;AluSeal Bin Low;0;255;0
ST0 - CAM0 - TIP INSPECTION;RecipeSimpleParameter;AluSeal Bin High;255;255;0
ST0 - CAM0 - TIP INSPECTION;RecipeSimpleParameter;FlipOff soglia relativa;40;255;0
ST0 - CAM0 - TIP INSPECTION;RecipeSimpleParameter;Sensibilità Crimpatura;2;10000;0
ST0 - CAM0 - TIP INSPECTION;RecipeSimpleParameter;Crimpatura sensibilità;60;10000;0
ST0 - CAM0 - TIP INSPECTION;RecipeSimpleParameter;FlipOff Min Area;100;10000;0
ST0 - CAM0 - TIP INSPECTION;RecipeSimpleParameter;FlipOff Max Area;1000;100000;0
ST0 - CAM0 - TIP INSPECTION;RecipeSimpleParameter;Colore Minimo;0;10000;0
ST0 - CAM0 - TIP INSPECTION;RecipeSimpleParameter;Colore Max;0;10000;0
ST0 - CAM0 - TIP INSPECTION;RecipeSimpleParameter;Livello di grigio basso;-1;255;-1
ST0 - CAM0 - TIP INSPECTION;RecipeSimpleParameter;Livello di grigio Alto;-1;255;-1
ST0 - CAM0 - TIP INSPECTION;RecipeSimpleParameter;Max livello di grigio;-1;10000;-1
ST0 - CAM0 - TIP INSPECTION;RecipeSimpleParameter;FlipOff Raggio ROI manual;25;10000;0
ST0 - CAM0 - TIP INSPECTION;RecipeSimpleParameter;Ampiezza Min FlipOff;199;10000;0
ST0 - CAM0 - TIP INSPECTION;RecipeSimpleParameter;Ampiezza Max FlipOff;239;10000;0
ST0 - CAM0 - TIP INSPECTION;RecipeSimpleParameter;Altezza Min Flacone;203;10000;0
ST0 - CAM0 - TIP INSPECTION;RecipeSimpleParameter;Altezza Max Flacone;243;10000;0
ST0 - CAM0 - TIP INSPECTION;RecipeSimpleParameter;Larghezza Min ghiera;184;10000;0
ST0 - CAM0 - TIP INSPECTION;RecipeSimpleParameter;Larghezza Max ghiera;224;10000;0
ST0 - CAM0 - TIP INSPECTION;RecipeSimpleParameter;Altezza Min ghiera;105;10000;0
ST0 - CAM0 - TIP INSPECTION;RecipeSimpleParameter;Altezza Max ghiera;145;10000;0
ST0 - CAM0 - TIP INSPECTION;RecipeSimpleParameter;Minimo grigio analisi dall'alto;0;10000;0
ST0 - CAM0 - TIP INSPECTION;RecipeSimpleParameter;Massimo grigio analisi dall'alto;0;10000;0
ST0 - CAM0 - TIP INSPECTION;RecipeSimpleParameter;Dall'alto area minima Blob;0;100000;0
ST0 - CAM0 - TIP INSPECTION;RecipeSimpleParameter;Dall'alto area massima Blob;0;100000;0
ST0 - CAM0 - TIP INSPECTION;RecipeAdvancedParameter;HighValue BinBlob;50;10000;0
ST0 - CAM0 - TIP INSPECTION;RecipeAdvancedParameter;ROI attiva nella BinBlob;1;1;0
ST0 - CAM0 - TIP INSPECTION;RecipeAdvancedParameter;Abilita/Disabilita IsBorderOFF BinBlob;1;1;0
ST0 - CAM0 - TIP INSPECTION;RecipeAdvancedParameter;Abilita/Disabilita Mascheratura BinBlob;1;1;0
ST0 - CAM0 - TIP INSPECTION;RecipeAdvancedParameter;Tipo di BinBlobAnalisi;4;8;0
ST0 - CAM0 - TIP INSPECTION;RecipeAdvancedParameter;Valore collegamento Edge;5;10000;0
ST0 - CAM0 - TIP INSPECTION;RecipeAdvancedParameter;Minima Lunghezza Edge;1;10000;0
ST0 - CAM0 - TIP INSPECTION;RecipeAdvancedParameter;Smooth per l'edge finder;60;10000;0
ST0 - CAM0 - TIP INSPECTION;RecipeAdvancedParameter;Lunghezza filtro gaussiamo;15;10000;0
ST0 - CAM0 - TIP INSPECTION;RecipeAdvancedParameter;Sigma filtro gaussiamo;5;10000;0
ST0 - CAM0 - TIP INSPECTION;RecipeAdvancedParameter;Profondità bit LUT;8;32;0
ST0 - CAM0 - TIP INSPECTION;RecipeAdvancedParameter;Valore finale LUT (Bianco);255;255;0
ST0 - CAM0 - TIP INSPECTION;RecipeAdvancedParameter;Valore Iniziale LUT (Nero);0;10000;0
ST0 - CAM0 - TIP INSPECTION;RecipeAdvancedParameter;Orientazione fiala (0 - vert, 1 -oriz);1;10000;0
ST0 - CAM0 - TIP INSPECTION;RecipeAdvancedParameter;Abilita/Disabilita FastEdge;0;1;0
ST0 - CAM0 - TIP INSPECTION;RecipeAdvancedParameter;Dimensione grafica (0 nessuna);1;10000;0
ST0 - CAM0 - TIP INSPECTION;RecipeAdvancedParameter;Abilita/Disabilita ROI;1;1;0
ST0 - CAM0 - TIP INSPECTION;RecipeAdvancedParameter;Tolleranza maschera;10;10000;0
ST0 - CAM0 - TIP INSPECTION;RecipeAdvancedParameter;Tipo Tool;0;10000;0
ST0 - CAM0 - TIP INSPECTION;RecipeAdvancedParameter;FlipOff Tipo di Binarizzazione;1;1;0
ST0 - CAM0 - TIP INSPECTION;RecipeAdvancedParameter;FlipOff risoluzione griglia;5;1000;0
ST0 - CAM0 - TIP INSPECTION;RecipeAdvancedParameter;FlipOff tipo griglia;0;1000;0
ST0 - CAM0 - TIP INSPECTION;RecipeAdvancedParameter;Tipo di Binarizzazione Ghiera;0;1;0
ST0 - CAM0 - TIP INSPECTION;RecipeAdvancedParameter;Risoluzione griglia Ghiera;2;1000;0
ST0 - CAM0 - TIP INSPECTION;RecipeAdvancedParameter;Tipo griglia Ghiera;1;1;0
ST0 - CAM0 - TIP INSPECTION;RecipeAdvancedParameter;Tipo di Binarizzazione Top;0;1000;0
ST0 - CAM0 - TIP INSPECTION;RecipeAdvancedParameter;$ARGBottleTopFinderGrayMin;-1;255;-1
ST0 - CAM0 - TIP INSPECTION;RecipeAdvancedParameter;$ARGBottleTopFinderGrayMax;-1;255;-1
ST0 - CAM0 - TIP INSPECTION;RecipeAdvancedParameter;Selezione tipo sfondo;0;1;0
ST0 - CAM0 - TIP INSPECTION;RecipeAdvancedParameter;Orientamento camera;1;1;0
ST0 - CAM0 - TIP INSPECTION;RecipeAdvancedParameter;Modello TIP dxf;TipShape_10ml.DXF;;
ST0 - CAM0 - TIP INSPECTION;RecipeAdvancedParameter;Dati del learning flipOff Analisi;RwAAAAAAAAAFFAAAAAAAAAUAAAAEAAAALwAAABwAAAA=;;
ST0 - CAM0 - TIP INSPECTION;RecipeAdvancedParameter;Dati del learning Analisi Ghiera;MwUAAAAAAAAFFAAAAAAAAAIAAAACAAAAjgAAAEUAAAA=;;
ST0 - CAM0 - TIP INSPECTION;ROIParameter;ROI ID;0;100;0
ST0 - CAM0 - TIP INSPECTION;ROIParameter;Tipo di ROI;0;10;0
ST0 - CAM0 - TIP INSPECTION;ROIParameter;ROI Start X;192;1023;0
ST0 - CAM0 - TIP INSPECTION;ROIParameter;ROI End X;373;1023;0
ST0 - CAM0 - TIP INSPECTION;ROIParameter;ROI Start Y;74;767;0
ST0 - CAM0 - TIP INSPECTION;ROIParameter;ROI End Y;336;767;0
ST0 - CAM0 - TIP INSPECTION;ROIParameter;Colore ROI;0;255;0
ST0 - CAM0 - TIP INSPECTION;ROIParameter;Colore riempimento ROI;0;1;0
ST0 - CAM0 - TIP INSPECTION;ROIParameter;Visualizzazione ROI;0;1;0
ST0 - CAM0 - TIP INSPECTION;ROIParameter;$label_it;ROI Controllo Punta;;
ST0 - CAM0 - TIP INSPECTION;ROIParameter;$label_en;ROI Tip Shape;;
ST0 - CAM0 - TIP INSPECTION;ROIParameter;ROI ID;1;100;0
ST0 - CAM0 - TIP INSPECTION;ROIParameter;Tipo di ROI;0;10;0
ST0 - CAM0 - TIP INSPECTION;ROIParameter;ROI Start X;10;1023;0
ST0 - CAM0 - TIP INSPECTION;ROIParameter;ROI End X;159;1023;0
ST0 - CAM0 - TIP INSPECTION;ROIParameter;ROI Start Y;10;767;0
ST0 - CAM0 - TIP INSPECTION;ROIParameter;ROI End Y;29;767;0
ST0 - CAM0 - TIP INSPECTION;ROIParameter;Colore ROI;0;255;0
ST0 - CAM0 - TIP INSPECTION;ROIParameter;Colore riempimento ROI;0;1;0
ST0 - CAM0 - TIP INSPECTION;ROIParameter;Visualizzazione ROI;0;1;0
ST0 - CAM0 - TIP INSPECTION;ROIParameter;$label_it;ROI Controllo Laterale FlipOff;;
ST0 - CAM0 - TIP INSPECTION;ROIParameter;$label_en;ROI Lateral FlipOff;;
ST0 - CAM0 - TIP INSPECTION;ROIParameter;ROI ID;2;100;0
ST0 - CAM0 - TIP INSPECTION;ROIParameter;Tipo di ROI;0;10;0
ST0 - CAM0 - TIP INSPECTION;ROIParameter;ROI Start X;30;1023;0
ST0 - CAM0 - TIP INSPECTION;ROIParameter;ROI End X;179;1023;0
ST0 - CAM0 - TIP INSPECTION;ROIParameter;ROI Start Y;30;767;0
ST0 - CAM0 - TIP INSPECTION;ROIParameter;ROI End Y;69;767;0
ST0 - CAM0 - TIP INSPECTION;ROIParameter;Colore ROI;0;255;0
ST0 - CAM0 - TIP INSPECTION;ROIParameter;Colore riempimento ROI;0;1;0
ST0 - CAM0 - TIP INSPECTION;ROIParameter;Visualizzazione ROI;0;1;0
ST0 - CAM0 - TIP INSPECTION;ROIParameter;$label_it;ROI Controllo Ghiera;;
ST0 - CAM0 - TIP INSPECTION;ROIParameter;$label_en;ROI AluSeal;;
ST0 - CAM0 - TIP INSPECTION;ROIParameter;ROI ID;3;100;0
ST0 - CAM0 - TIP INSPECTION;ROIParameter;Tipo di ROI;0;10;0
ST0 - CAM0 - TIP INSPECTION;ROIParameter;ROI Start X;10;1023;0
ST0 - CAM0 - TIP INSPECTION;ROIParameter;ROI End X;159;1023;0
ST0 - CAM0 - TIP INSPECTION;ROIParameter;ROI Start Y;10;767;0
ST0 - CAM0 - TIP INSPECTION;ROIParameter;ROI End Y;34;767;0
ST0 - CAM0 - TIP INSPECTION;ROIParameter;Colore ROI;0;255;0
ST0 - CAM0 - TIP INSPECTION;ROIParameter;Colore riempimento ROI;0;1;0
ST0 - CAM0 - TIP INSPECTION;ROIParameter;Visualizzazione ROI;0;1;0
ST0 - CAM0 - TIP INSPECTION;ROIParameter;$label_it;ROI Controllo Crimpatura;;
ST0 - CAM0 - TIP INSPECTION;ROIParameter;$label_en;ROI Crimping;;
ST0 - CAM0 - TIP INSPECTION;ROIParameter;ROI ID;4;100;0
ST0 - CAM0 - TIP INSPECTION;ROIParameter;Tipo di ROI;0;10;0
ST0 - CAM0 - TIP INSPECTION;ROIParameter;ROI Start X;250;1023;0
ST0 - CAM0 - TIP INSPECTION;ROIParameter;ROI End X;0;1023;0
ST0 - CAM0 - TIP INSPECTION;ROIParameter;ROI Start Y;510;767;0
ST0 - CAM0 - TIP INSPECTION;ROIParameter;ROI End Y;0;767;0
ST0 - CAM0 - TIP INSPECTION;ROIParameter;Colore ROI;0;255;0
ST0 - CAM0 - TIP INSPECTION;ROIParameter;Colore riempimento ROI;0;1;0
ST0 - CAM0 - TIP INSPECTION;ROIParameter;Visualizzazione ROI;0;1;0
ST0 - CAM0 - TIP INSPECTION;ROIParameter;$label_it;ROI Controllo FlipOff;;
ST0 - CAM0 - TIP INSPECTION;ROIParameter;$label_en;ROI FlipOff;;
ST0 - CAM1 - TIP INSPECTION;AcquisitionParameter;Numero di frames;0;100;0
ST0 - CAM1 - TIP INSPECTION;AcquisitionParameter;Tempo di esposizione [us];1000;10000;1
ST0 - CAM1 - TIP INSPECTION;AcquisitionParameter;Guadagno;0;1023;0
ST0 - CAM1 - TIP INSPECTION;AcquisitionParameter;On/Off Strobo;0;1;0
ST0 - CAM1 - TIP INSPECTION;AcquisitionParameter;Tempo di accensione strobo [us];1000;10000;0
ST0 - CAM1 - TIP INSPECTION;AcquisitionParameter;Ritardo acquisizione [us];0;1000;0
ST0 - CAM1 - TIP INSPECTION;AcquisitionParameter;Guadagno blu;250;1000;0
ST0 - CAM1 - TIP INSPECTION;AcquisitionParameter;Guadagno rosso;250;1000;0
ST0 - CAM1 - TIP INSPECTION;AcquisitionParameter;Guadagno verde;150;1000;0
ST0 - CAM1 - TIP INSPECTION;AcquisitionParameter;Pin di Uscita strobo;2;1000;0
ST0 - CAM1 - TIP INSPECTION;AcquisitionParameter;Ingresso trigger;0;1000;0
ST0 - CAM1 - TIP INSPECTION;AcquisitionParameter;Abilitazione A.O.I.;1;1;0
ST0 - CAM1 - TIP INSPECTION;AcquisitionParameter;A.O.I. X Start;576;1023;0
ST0 - CAM1 - TIP INSPECTION;AcquisitionParameter;A.O.I. Y Start;0;767;0
ST0 - CAM1 - TIP INSPECTION;AcquisitionParameter;A.O.I. Intervallo X;896;1024;0
ST0 - CAM1 - TIP INSPECTION;AcquisitionParameter;A.O.I. Intervallo Y;2048;2048;0
ST0 - CAM1 - TIP INSPECTION;FeaturesEnableParameter;M12 Analisi;4;5;0
ST0 - CAM1 - TIP INSPECTION;FeaturesEnableParameter;Risultato abilitato a display;5;17;0
ST0 - CAM1 - TIP INSPECTION;FeaturesEnableParameter;Abilitazione display analisi anelli;0;1;0
ST0 - CAM1 - TIP INSPECTION;FeaturesEnableParameter;Abilita testina M12;1;1;0
ST0 - CAM1 - TIP INSPECTION;FeaturesEnableParameter;Tipo Analisi FlipOff;1;4;0
ST0 - CAM1 - TIP INSPECTION;FeaturesEnableParameter;Tipo Analisi ghiera;4;4;0
ST0 - CAM1 - TIP INSPECTION;FeaturesEnableParameter;Tipo Analisi crimpatura;1;1;0
ST0 - CAM1 - TIP INSPECTION;FeaturesEnableParameter;Tipo rilevamento FlipOff;1;1;0
ST0 - CAM1 - TIP INSPECTION;FeaturesEnableParameter;Tipo Analisi FlipOff;1;4;0
ST0 - CAM1 - TIP INSPECTION;FeaturesEnableParameter;Selezione canale colore;6;12;0
ST0 - CAM1 - TIP INSPECTION;FeaturesEnableParameter;Abilita presenza flipOff;1;2;0
ST0 - CAM1 - TIP INSPECTION;FeaturesEnableParameter;On/Off Debug Info;1;1;0
ST0 - CAM1 - TIP INSPECTION;FeaturesEnableParameter;On/Off Salvataggio Img;0;1;0
ST0 - CAM1 - TIP INSPECTION;RecipeSimpleParameter;LowValue BinBlob;0;10000;0
ST0 - CAM1 - TIP INSPECTION;RecipeSimpleParameter;Area Minima BinBlol;500;10000;0
ST0 - CAM1 - TIP INSPECTION;RecipeSimpleParameter;Lut Hight Tip inspection;200;255;0
ST0 - CAM1 - TIP INSPECTION;RecipeSimpleParameter;Lut Low Tip inspection;0;255;0
ST0 - CAM1 - TIP INSPECTION;RecipeSimpleParameter;Soglia contrasto Rings;0;255;0
ST0 - CAM1 - TIP INSPECTION;RecipeSimpleParameter;Soglia altezza anelli;0;10000;0
ST0 - CAM1 - TIP INSPECTION;RecipeSimpleParameter;Colore Hue anello 1;0;255;-255
ST0 - CAM1 - TIP INSPECTION;RecipeSimpleParameter;Colore Hue anello 2;0;255;-255
ST0 - CAM1 - TIP INSPECTION;RecipeSimpleParameter;Colore Hue anello 3;0;255;-255
ST0 - CAM1 - TIP INSPECTION;RecipeSimpleParameter;EdgeSum Threshold;10;10000;0
ST0 - CAM1 - TIP INSPECTION;RecipeSimpleParameter;TIP Edge Tol;10;10000;0
ST0 - CAM1 - TIP INSPECTION;RecipeSimpleParameter;BinBlob BlobAreaMin;0;10000;0
ST0 - CAM1 - TIP INSPECTION;RecipeSimpleParameter;BinBlob BlobAreaMax;0;10000;0
ST0 - CAM1 - TIP INSPECTION;RecipeSimpleParameter;BinBlob BlobAreaMax;0;10000;0
ST0 - CAM1 - TIP INSPECTION;RecipeSimpleParameter;BinBlob Max Blobs;0;10000;0
ST0 - CAM1 - TIP INSPECTION;RecipeSimpleParameter;BinBlob Max Blobs;0;10000;0
ST0 - CAM1 - TIP INSPECTION;RecipeSimpleParameter;BinBlob Sum Blobs AreaMax;0;10000;0
ST0 - CAM1 - TIP INSPECTION;RecipeSimpleParameter;$THRTipControlIntegralSumMin;0;10000;0
ST0 - CAM1 - TIP INSPECTION;RecipeSimpleParameter;TipControl Integral SumMax;0;10000;0
ST0 - CAM1 - TIP INSPECTION;RecipeSimpleParameter;TipControl Deviazione Angolare Min;0;10000;0
ST0 - CAM1 - TIP INSPECTION;RecipeSimpleParameter;Max Deviazione angolare;0;10000;0
ST0 - CAM1 - TIP INSPECTION;RecipeSimpleParameter;$THRTipControlMaxDistanceFromModelMin;0;10000;0
ST0 - CAM1 - TIP INSPECTION;RecipeSimpleParameter;TipControl Max Distance from Model;0;10000;0
ST0 - CAM1 - TIP INSPECTION;RecipeSimpleParameter;Altezza Minima Punta;0;10000;0
ST0 - CAM1 - TIP INSPECTION;RecipeSimpleParameter;Altezza Massima Punta;0;10000;0
ST0 - CAM1 - TIP INSPECTION;RecipeSimpleParameter;$THRCheckRingNumberOfRingsMin;0;10000;0
ST0 - CAM1 - TIP INSPECTION;RecipeSimpleParameter;Numero di anelli;0;10000;0
ST0 - CAM1 - TIP INSPECTION;RecipeSimpleParameter;Colore Anello 1 Min;0;10000;0
ST0 - CAM1 - TIP INSPECTION;RecipeSimpleParameter;Colore Anello 1 Max;0;10000;0
ST0 - CAM1 - TIP INSPECTION;RecipeSimpleParameter;Colore Anello 2 Min;0;10000;0
ST0 - CAM1 - TIP INSPECTION;RecipeSimpleParameter;Colore Anello 2 Max;0;10000;0
ST0 - CAM1 - TIP INSPECTION;RecipeSimpleParameter;Colore Anello 3 Min;0;10000;0
ST0 - CAM1 - TIP INSPECTION;RecipeSimpleParameter;Colore Anello 3 Max;0;10000;0
ST0 - CAM1 - TIP INSPECTION;RecipeSimpleParameter;Tempo di elaborazione;20;10000;0
ST0 - CAM1 - TIP INSPECTION;RecipeSimpleParameter;FlipOff Box Area ;0;10000;0
ST0 - CAM1 - TIP INSPECTION;RecipeSimpleParameter;FlipOff area minima Blob;0;10000;0
ST0 - CAM1 - TIP INSPECTION;RecipeSimpleParameter;FlipOff area massima Blob;0;100000;0
ST0 - CAM1 - TIP INSPECTION;RecipeSimpleParameter;FlipOff Bin Low;0;255;0
ST0 - CAM1 - TIP INSPECTION;RecipeSimpleParameter;FlipOff Bin High;40;255;0
ST0 - CAM1 - TIP INSPECTION;RecipeSimpleParameter;FlipOff soglia relativa;-1;255;-1
ST0 - CAM1 - TIP INSPECTION;RecipeSimpleParameter;FlipOff Sensibilità;2;1000;0
ST0 - CAM1 - TIP INSPECTION;RecipeSimpleParameter;AluSeal Box Area;0;10000;0
ST0 - CAM1 - TIP INSPECTION;RecipeSimpleParameter;AluSeal Min Area;10;10000;0
ST0 - CAM1 - TIP INSPECTION;RecipeSimpleParameter;AluSeal Max Area;5000;100000;0
ST0 - CAM1 - TIP INSPECTION;RecipeSimpleParameter;AluSeal Bin Low;0;255;0
ST0 - CAM1 - TIP INSPECTION;RecipeSimpleParameter;AluSeal Bin High;100;255;0
ST0 - CAM1 - TIP INSPECTION;RecipeSimpleParameter;FlipOff soglia relativa;50;255;0
ST0 - CAM1 - TIP INSPECTION;RecipeSimpleParameter;Sensibilità Crimpatura;2;10000;0
ST0 - CAM1 - TIP INSPECTION;RecipeSimpleParameter;Crimpatura sensibilità;0;10000;0
ST0 - CAM1 - TIP INSPECTION;RecipeSimpleParameter;FlipOff Min Area;1000;10000;0
ST0 - CAM1 - TIP INSPECTION;RecipeSimpleParameter;FlipOff Max Area;53066;100000;0
ST0 - CAM1 - TIP INSPECTION;RecipeSimpleParameter;Colore Minimo;0;10000;0
ST0 - CAM1 - TIP INSPECTION;RecipeSimpleParameter;Colore Max;0;10000;0
ST0 - CAM1 - TIP INSPECTION;RecipeSimpleParameter;Livello di grigio basso;20;255;-1
ST0 - CAM1 - TIP INSPECTION;RecipeSimpleParameter;Livello di grigio Alto;100;255;-1
ST0 - CAM1 - TIP INSPECTION;RecipeSimpleParameter;Max livello di grigio;-1;10000;-1
ST0 - CAM1 - TIP INSPECTION;RecipeSimpleParameter;FlipOff Raggio ROI manual;125;10000;0
ST0 - CAM1 - TIP INSPECTION;RecipeSimpleParameter;Ampiezza Min FlipOff;0;10000;0
ST0 - CAM1 - TIP INSPECTION;RecipeSimpleParameter;Ampiezza Max FlipOff;0;10000;0
ST0 - CAM1 - TIP INSPECTION;RecipeSimpleParameter;Altezza Min Flacone;0;10000;0
ST0 - CAM1 - TIP INSPECTION;RecipeSimpleParameter;Altezza Max Flacone;0;10000;0
ST0 - CAM1 - TIP INSPECTION;RecipeSimpleParameter;Larghezza Min ghiera;0;10000;0
ST0 - CAM1 - TIP INSPECTION;RecipeSimpleParameter;Larghezza Max ghiera;0;10000;0
ST0 - CAM1 - TIP INSPECTION;RecipeSimpleParameter;Altezza Min ghiera;0;10000;0
ST0 - CAM1 - TIP INSPECTION;RecipeSimpleParameter;Altezza Max ghiera;0;10000;0
ST0 - CAM1 - TIP INSPECTION;RecipeSimpleParameter;Minimo grigio analisi dall'alto;63;10000;0
ST0 - CAM1 - TIP INSPECTION;RecipeSimpleParameter;Massimo grigio analisi dall'alto;83;10000;0
ST0 - CAM1 - TIP INSPECTION;RecipeSimpleParameter;Dall'alto area minima Blob;33061;100000;0
ST0 - CAM1 - TIP INSPECTION;RecipeSimpleParameter;Dall'alto area massima Blob;40407;100000;0
ST0 - CAM1 - TIP INSPECTION;RecipeAdvancedParameter;HighValue BinBlob;50;10000;0
ST0 - CAM1 - TIP INSPECTION;RecipeAdvancedParameter;ROI attiva nella BinBlob;1;1;0
ST0 - CAM1 - TIP INSPECTION;RecipeAdvancedParameter;Abilita/Disabilita IsBorderOFF BinBlob;1;1;0
ST0 - CAM1 - TIP INSPECTION;RecipeAdvancedParameter;Abilita/Disabilita Mascheratura BinBlob;1;1;0
ST0 - CAM1 - TIP INSPECTION;RecipeAdvancedParameter;Tipo di BinBlobAnalisi;4;8;0
ST0 - CAM1 - TIP INSPECTION;RecipeAdvancedParameter;Valore collegamento Edge;5;10000;0
ST0 - CAM1 - TIP INSPECTION;RecipeAdvancedParameter;Minima Lunghezza Edge;1;10000;0
ST0 - CAM1 - TIP INSPECTION;RecipeAdvancedParameter;Smooth per l'edge finder;60;10000;0
ST0 - CAM1 - TIP INSPECTION;RecipeAdvancedParameter;Lunghezza filtro gaussiamo;15;10000;0
ST0 - CAM1 - TIP INSPECTION;RecipeAdvancedParameter;Sigma filtro gaussiamo;5;10000;0
ST0 - CAM1 - TIP INSPECTION;RecipeAdvancedParameter;Profondità bit LUT;8;32;0
ST0 - CAM1 - TIP INSPECTION;RecipeAdvancedParameter;Valore finale LUT (Bianco);255;255;0
ST0 - CAM1 - TIP INSPECTION;RecipeAdvancedParameter;Valore Iniziale LUT (Nero);0;10000;0
ST0 - CAM1 - TIP INSPECTION;RecipeAdvancedParameter;Orientazione fiala (0 - vert, 1 -oriz);1;10000;0
ST0 - CAM1 - TIP INSPECTION;RecipeAdvancedParameter;Abilita/Disabilita FastEdge;0;1;0
ST0 - CAM1 - TIP INSPECTION;RecipeAdvancedParameter;Dimensione grafica (0 nessuna);1;10000;0
ST0 - CAM1 - TIP INSPECTION;RecipeAdvancedParameter;Abilita/Disabilita ROI;1;1;0
ST0 - CAM1 - TIP INSPECTION;RecipeAdvancedParameter;Tolleranza maschera;10;10000;0
ST0 - CAM1 - TIP INSPECTION;RecipeAdvancedParameter;Tipo Tool;0;10000;0
ST0 - CAM1 - TIP INSPECTION;RecipeAdvancedParameter;FlipOff Tipo di Binarizzazione;0;1;0
ST0 - CAM1 - TIP INSPECTION;RecipeAdvancedParameter;FlipOff risoluzione griglia;5;1000;0
ST0 - CAM1 - TIP INSPECTION;RecipeAdvancedParameter;FlipOff tipo griglia;0;1000;0
ST0 - CAM1 - TIP INSPECTION;RecipeAdvancedParameter;Tipo di Binarizzazione Ghiera;1;1;0
ST0 - CAM1 - TIP INSPECTION;RecipeAdvancedParameter;Risoluzione griglia Ghiera;2;1000;0
ST0 - CAM1 - TIP INSPECTION;RecipeAdvancedParameter;Tipo griglia Ghiera;1;1;0
ST0 - CAM1 - TIP INSPECTION;RecipeAdvancedParameter;Tipo di Binarizzazione Top;0;1000;0
ST0 - CAM1 - TIP INSPECTION;RecipeAdvancedParameter;$ARGBottleTopFinderGrayMin;70;255;-1
ST0 - CAM1 - TIP INSPECTION;RecipeAdvancedParameter;$ARGBottleTopFinderGrayMax;220;255;-1
ST0 - CAM1 - TIP INSPECTION;RecipeAdvancedParameter;Selezione tipo sfondo;0;1;0
ST0 - CAM1 - TIP INSPECTION;RecipeAdvancedParameter;Orientamento camera;0;1;0
ST0 - CAM1 - TIP INSPECTION;RecipeAdvancedParameter;Modello TIP dxf;TipShape_10ml.DXF;;
ST0 - CAM1 - TIP INSPECTION;RecipeAdvancedParameter;Dati del learning flipOff Analisi;GwMAAAAAAAAFFAAAAAAAAAUAAAAEAAAASQAAAEsAAAA=;;
ST0 - CAM1 - TIP INSPECTION;RecipeAdvancedParameter;Dati del learning Analisi Ghiera;bwYAAAAAAAAFFAAAAAAAAAUAAAAEAAAATgAAAGEAAAA=;;
ST0 - CAM1 - TIP INSPECTION;ROIParameter;ROI ID;0;100;0
ST0 - CAM1 - TIP INSPECTION;ROIParameter;Tipo di ROI;0;10;0
ST0 - CAM1 - TIP INSPECTION;ROIParameter;ROI Start X;84;1023;0
ST0 - CAM1 - TIP INSPECTION;ROIParameter;ROI End X;378;1023;0
ST0 - CAM1 - TIP INSPECTION;ROIParameter;ROI Start Y;62;767;0
ST0 - CAM1 - TIP INSPECTION;ROIParameter;ROI End Y;337;767;0
ST0 - CAM1 - TIP INSPECTION;ROIParameter;Colore ROI;0;255;0
ST0 - CAM1 - TIP INSPECTION;ROIParameter;Colore riempimento ROI;0;1;0
ST0 - CAM1 - TIP INSPECTION;ROIParameter;Visualizzazione ROI;0;1;0
ST0 - CAM1 - TIP INSPECTION;ROIParameter;$label_it;ROI Controllo Punta;;
ST0 - CAM1 - TIP INSPECTION;ROIParameter;$label_en;ROI Tip Inspection;;
ST0 - CAM1 - TIP INSPECTION;ROIParameter;ROI ID;1;100;0
ST0 - CAM1 - TIP INSPECTION;ROIParameter;Tipo di ROI;0;10;0
ST0 - CAM1 - TIP INSPECTION;ROIParameter;ROI Start X;0;1023;0
ST0 - CAM1 - TIP INSPECTION;ROIParameter;ROI End X;199;1023;0
ST0 - CAM1 - TIP INSPECTION;ROIParameter;ROI Start Y;0;767;0
ST0 - CAM1 - TIP INSPECTION;ROIParameter;ROI End Y;49;767;0
ST0 - CAM1 - TIP INSPECTION;ROIParameter;Colore ROI;0;255;0
ST0 - CAM1 - TIP INSPECTION;ROIParameter;Colore riempimento ROI;0;1;0
ST0 - CAM1 - TIP INSPECTION;ROIParameter;Visualizzazione ROI;0;1;0
ST0 - CAM1 - TIP INSPECTION;ROIParameter;$label_it;ROI Controllo Laterale FlipOff;;
ST0 - CAM1 - TIP INSPECTION;ROIParameter;$label_en;ROI FlipOff lateral;;
ST0 - CAM1 - TIP INSPECTION;ROIParameter;ROI ID;2;100;0
ST0 - CAM1 - TIP INSPECTION;ROIParameter;Tipo di ROI;0;10;0
ST0 - CAM1 - TIP INSPECTION;ROIParameter;ROI Start X;0;1023;0
ST0 - CAM1 - TIP INSPECTION;ROIParameter;ROI End X;174;1023;0
ST0 - CAM1 - TIP INSPECTION;ROIParameter;ROI Start Y;0;767;0
ST0 - CAM1 - TIP INSPECTION;ROIParameter;ROI End Y;74;767;0
ST0 - CAM1 - TIP INSPECTION;ROIParameter;Colore ROI;0;255;0
ST0 - CAM1 - TIP INSPECTION;ROIParameter;Colore riempimento ROI;0;1;0
ST0 - CAM1 - TIP INSPECTION;ROIParameter;Visualizzazione ROI;0;1;0
ST0 - CAM1 - TIP INSPECTION;ROIParameter;$label_it;ROI Controllo Ghiera;;
ST0 - CAM1 - TIP INSPECTION;ROIParameter;$label_en;ROI AluSeal;;
ST0 - CAM1 - TIP INSPECTION;ROIParameter;ROI ID;3;100;0
ST0 - CAM1 - TIP INSPECTION;ROIParameter;Tipo di ROI;0;10;0
ST0 - CAM1 - TIP INSPECTION;ROIParameter;ROI Start X;0;1023;0
ST0 - CAM1 - TIP INSPECTION;ROIParameter;ROI End X;149;1023;0
ST0 - CAM1 - TIP INSPECTION;ROIParameter;ROI Start Y;0;767;0
ST0 - CAM1 - TIP INSPECTION;ROIParameter;ROI End Y;24;767;0
ST0 - CAM1 - TIP INSPECTION;ROIParameter;Colore ROI;0;255;0
ST0 - CAM1 - TIP INSPECTION;ROIParameter;Colore riempimento ROI;0;1;0
ST0 - CAM1 - TIP INSPECTION;ROIParameter;Visualizzazione ROI;0;1;0
ST0 - CAM1 - TIP INSPECTION;ROIParameter;$label_it;ROI Controllo Crimpatura;;
ST0 - CAM1 - TIP INSPECTION;ROIParameter;$label_en;ROI Crimping;;
ST0 - CAM1 - TIP INSPECTION;ROIParameter;ROI ID;4;100;0
ST0 - CAM1 - TIP INSPECTION;ROIParameter;Tipo di ROI;0;10;0
ST0 - CAM1 - TIP INSPECTION;ROIParameter;ROI Start X;0;1023;0
ST0 - CAM1 - TIP INSPECTION;ROIParameter;ROI End X;0;1023;0
ST0 - CAM1 - TIP INSPECTION;ROIParameter;ROI Start Y;0;767;0
ST0 - CAM1 - TIP INSPECTION;ROIParameter;ROI End Y;0;767;0
ST0 - CAM1 - TIP INSPECTION;ROIParameter;Colore ROI;0;255;0
ST0 - CAM1 - TIP INSPECTION;ROIParameter;Colore riempimento ROI;0;1;0
ST0 - CAM1 - TIP INSPECTION;ROIParameter;Visualizzazione ROI;0;1;0
ST0 - CAM1 - TIP INSPECTION;ROIParameter;$label_it;ROI Controllo FlipOff;;
ST0 - CAM1 - TIP INSPECTION;ROIParameter;$label_en;ROI FlipOff;;
ST0 - CAM2 - TIP INSPECTION;AcquisitionParameter;Numero di frames;0;100;0
ST0 - CAM2 - TIP INSPECTION;AcquisitionParameter;Tempo di esposizione [us];1000;10000;1
ST0 - CAM2 - TIP INSPECTION;AcquisitionParameter;Guadagno;0;1023;0
ST0 - CAM2 - TIP INSPECTION;AcquisitionParameter;On/Off Strobo;0;1;0
ST0 - CAM2 - TIP INSPECTION;AcquisitionParameter;Tempo di accensione strobo [us];1000;10000;0
ST0 - CAM2 - TIP INSPECTION;AcquisitionParameter;Ritardo acquisizione [us];0;1000;0
ST0 - CAM2 - TIP INSPECTION;AcquisitionParameter;Guadagno blu;250;1000;0
ST0 - CAM2 - TIP INSPECTION;AcquisitionParameter;Guadagno rosso;250;1000;0
ST0 - CAM2 - TIP INSPECTION;AcquisitionParameter;Guadagno verde;250;1000;0
ST0 - CAM2 - TIP INSPECTION;AcquisitionParameter;Pin di Uscita strobo;1;1000;0
ST0 - CAM2 - TIP INSPECTION;AcquisitionParameter;Ingresso trigger;0;1000;0
ST0 - CAM2 - TIP INSPECTION;AcquisitionParameter;Abilitazione A.O.I.;1;1;0
ST0 - CAM2 - TIP INSPECTION;AcquisitionParameter;A.O.I. X Start;576;1023;0
ST0 - CAM2 - TIP INSPECTION;AcquisitionParameter;A.O.I. Y Start;0;767;0
ST0 - CAM2 - TIP INSPECTION;AcquisitionParameter;A.O.I. Intervallo X;896;1024;0
ST0 - CAM2 - TIP INSPECTION;AcquisitionParameter;A.O.I. Intervallo Y;2048;2048;0
ST0 - CAM2 - TIP INSPECTION;FeaturesEnableParameter;M12 Analisi;3;5;0
ST0 - CAM2 - TIP INSPECTION;FeaturesEnableParameter;Risultato abilitato a display;0;17;0
ST0 - CAM2 - TIP INSPECTION;FeaturesEnableParameter;Abilitazione display analisi anelli;1;1;0
ST0 - CAM2 - TIP INSPECTION;FeaturesEnableParameter;Abilita testina M12;1;1;0
ST0 - CAM2 - TIP INSPECTION;FeaturesEnableParameter;Tipo Analisi FlipOff;1;4;0
ST0 - CAM2 - TIP INSPECTION;FeaturesEnableParameter;Tipo Analisi ghiera;1;4;0
ST0 - CAM2 - TIP INSPECTION;FeaturesEnableParameter;Tipo Analisi crimpatura;0;1;0
ST0 - CAM2 - TIP INSPECTION;FeaturesEnableParameter;Tipo rilevamento FlipOff;0;1;0
ST0 - CAM2 - TIP INSPECTION;FeaturesEnableParameter;Tipo Analisi FlipOff;0;4;0
ST0 - CAM2 - TIP INSPECTION;FeaturesEnableParameter;Selezione canale colore;3;12;0
ST0 - CAM2 - TIP INSPECTION;FeaturesEnableParameter;Abilita presenza flipOff;1;2;0
ST0 - CAM2 - TIP INSPECTION;FeaturesEnableParameter;On/Off Debug Info;1;1;0
ST0 - CAM2 - TIP INSPECTION;FeaturesEnableParameter;On/Off Salvataggio Img;0;1;0
ST0 - CAM2 - TIP INSPECTION;RecipeSimpleParameter;LowValue BinBlob;0;10000;0
ST0 - CAM2 - TIP INSPECTION;RecipeSimpleParameter;Area Minima BinBlol;500;10000;0
ST0 - CAM2 - TIP INSPECTION;RecipeSimpleParameter;Lut Hight Tip inspection;200;255;0
ST0 - CAM2 - TIP INSPECTION;RecipeSimpleParameter;Lut Low Tip inspection;0;255;0
ST0 - CAM2 - TIP INSPECTION;RecipeSimpleParameter;Soglia contrasto Rings;80;255;0
ST0 - CAM2 - TIP INSPECTION;RecipeSimpleParameter;Soglia altezza anelli;20;10000;0
ST0 - CAM2 - TIP INSPECTION;RecipeSimpleParameter;Colore Hue anello 1;-50;255;-255
ST0 - CAM2 - TIP INSPECTION;RecipeSimpleParameter;Colore Hue anello 2;150;255;-255
ST0 - CAM2 - TIP INSPECTION;RecipeSimpleParameter;Colore Hue anello 3;0;255;-255
ST0 - CAM2 - TIP INSPECTION;RecipeSimpleParameter;EdgeSum Threshold;10;10000;0
ST0 - CAM2 - TIP INSPECTION;RecipeSimpleParameter;TIP Edge Tol;10;10000;0
ST0 - CAM2 - TIP INSPECTION;RecipeSimpleParameter;BinBlob BlobAreaMin;0;10000;0
ST0 - CAM2 - TIP INSPECTION;RecipeSimpleParameter;BinBlob BlobAreaMax;0;10000;0
ST0 - CAM2 - TIP INSPECTION;RecipeSimpleParameter;BinBlob BlobAreaMax;0;10000;0
ST0 - CAM2 - TIP INSPECTION;RecipeSimpleParameter;BinBlob Max Blobs;0;10000;0
ST0 - CAM2 - TIP INSPECTION;RecipeSimpleParameter;BinBlob Max Blobs;0;10000;0
ST0 - CAM2 - TIP INSPECTION;RecipeSimpleParameter;BinBlob Sum Blobs AreaMax;0;10000;0
ST0 - CAM2 - TIP INSPECTION;RecipeSimpleParameter;$THRTipControlIntegralSumMin;0;10000;0
ST0 - CAM2 - TIP INSPECTION;RecipeSimpleParameter;TipControl Integral SumMax;0;10000;0
ST0 - CAM2 - TIP INSPECTION;RecipeSimpleParameter;TipControl Deviazione Angolare Min;0;10000;0
ST0 - CAM2 - TIP INSPECTION;RecipeSimpleParameter;Max Deviazione angolare;0;10000;0
ST0 - CAM2 - TIP INSPECTION;RecipeSimpleParameter;$THRTipControlMaxDistanceFromModelMin;0;10000;0
ST0 - CAM2 - TIP INSPECTION;RecipeSimpleParameter;TipControl Max Distance from Model;0;10000;0
ST0 - CAM2 - TIP INSPECTION;RecipeSimpleParameter;Altezza Minima Punta;0;10000;0
ST0 - CAM2 - TIP INSPECTION;RecipeSimpleParameter;Altezza Massima Punta;0;10000;0
ST0 - CAM2 - TIP INSPECTION;RecipeSimpleParameter;$THRCheckRingNumberOfRingsMin;0;10000;0
ST0 - CAM2 - TIP INSPECTION;RecipeSimpleParameter;Numero di anelli;0;10000;0
ST0 - CAM2 - TIP INSPECTION;RecipeSimpleParameter;Colore Anello 1 Min;0;10000;0
ST0 - CAM2 - TIP INSPECTION;RecipeSimpleParameter;Colore Anello 1 Max;0;10000;0
ST0 - CAM2 - TIP INSPECTION;RecipeSimpleParameter;Colore Anello 2 Min;0;10000;0
ST0 - CAM2 - TIP INSPECTION;RecipeSimpleParameter;Colore Anello 2 Max;0;10000;0
ST0 - CAM2 - TIP INSPECTION;RecipeSimpleParameter;Colore Anello 3 Min;0;10000;0
ST0 - CAM2 - TIP INSPECTION;RecipeSimpleParameter;Colore Anello 3 Max;0;10000;0
ST0 - CAM2 - TIP INSPECTION;RecipeSimpleParameter;Tempo di elaborazione;30;10000;0
ST0 - CAM2 - TIP INSPECTION;RecipeSimpleParameter;FlipOff Box Area ;0;10000;0
ST0 - CAM2 - TIP INSPECTION;RecipeSimpleParameter;FlipOff area minima Blob;40;10000;0
ST0 - CAM2 - TIP INSPECTION;RecipeSimpleParameter;FlipOff area massima Blob;3000;10000;0
ST0 - CAM2 - TIP INSPECTION;RecipeSimpleParameter;FlipOff Bin Low;20;255;0
ST0 - CAM2 - TIP INSPECTION;RecipeSimpleParameter;FlipOff Bin High;70;255;0
ST0 - CAM2 - TIP INSPECTION;RecipeSimpleParameter;FlipOff soglia relativa;-1;255;-1
ST0 - CAM2 - TIP INSPECTION;RecipeSimpleParameter;FlipOff Sensibilità;2;1000;0
ST0 - CAM2 - TIP INSPECTION;RecipeSimpleParameter;AluSeal Box Area;0;10000;0
ST0 - CAM2 - TIP INSPECTION;RecipeSimpleParameter;AluSeal Min Area;10;10000;0
ST0 - CAM2 - TIP INSPECTION;RecipeSimpleParameter;AluSeal Max Area;7000;100000;0
ST0 - CAM2 - TIP INSPECTION;RecipeSimpleParameter;AluSeal Bin Low;40;255;0
ST0 - CAM2 - TIP INSPECTION;RecipeSimpleParameter;AluSeal Bin High;250;255;0
ST0 - CAM2 - TIP INSPECTION;RecipeSimpleParameter;FlipOff soglia relativa;50;255;0
ST0 - CAM2 - TIP INSPECTION;RecipeSimpleParameter;Sensibilità Crimpatura;2;10000;0
ST0 - CAM2 - TIP INSPECTION;RecipeSimpleParameter;Crimpatura sensibilità;0;10000;0
ST0 - CAM2 - TIP INSPECTION;RecipeSimpleParameter;FlipOff Min Area;0;10000;0
ST0 - CAM2 - TIP INSPECTION;RecipeSimpleParameter;FlipOff Max Area;0;10000;0
ST0 - CAM2 - TIP INSPECTION;RecipeSimpleParameter;Colore Minimo;0;10000;0
ST0 - CAM2 - TIP INSPECTION;RecipeSimpleParameter;Colore Max;0;10000;0
ST0 - CAM2 - TIP INSPECTION;RecipeSimpleParameter;Livello di grigio basso;-1;255;-1
ST0 - CAM2 - TIP INSPECTION;RecipeSimpleParameter;Livello di grigio Alto;-1;255;-1
ST0 - CAM2 - TIP INSPECTION;RecipeSimpleParameter;Max livello di grigio;-1;10000;-1
ST0 - CAM2 - TIP INSPECTION;RecipeSimpleParameter;FlipOff Raggio ROI manual;25;10000;0
ST0 - CAM2 - TIP INSPECTION;RecipeSimpleParameter;Ampiezza Min FlipOff;192;10000;0
ST0 - CAM2 - TIP INSPECTION;RecipeSimpleParameter;Ampiezza Max FlipOff;232;10000;0
ST0 - CAM2 - TIP INSPECTION;RecipeSimpleParameter;Altezza Min Flacone;188;10000;0
ST0 - CAM2 - TIP INSPECTION;RecipeSimpleParameter;Altezza Max Flacone;228;10000;0
ST0 - CAM2 - TIP INSPECTION;RecipeSimpleParameter;Larghezza Min ghiera;247;10000;0
ST0 - CAM2 - TIP INSPECTION;RecipeSimpleParameter;Larghezza Max ghiera;287;10000;0
ST0 - CAM2 - TIP INSPECTION;RecipeSimpleParameter;Altezza Min ghiera;173;10000;0
ST0 - CAM2 - TIP INSPECTION;RecipeSimpleParameter;Altezza Max ghiera;213;10000;0
ST0 - CAM2 - TIP INSPECTION;RecipeSimpleParameter;Minimo grigio analisi dall'alto;0;10000;0
ST0 - CAM2 - TIP INSPECTION;RecipeSimpleParameter;Massimo grigio analisi dall'alto;0;10000;0
ST0 - CAM2 - TIP INSPECTION;RecipeSimpleParameter;Dall'alto area minima Blob;0;100000;0
ST0 - CAM2 - TIP INSPECTION;RecipeSimpleParameter;Dall'alto area massima Blob;0;;
ST0 - CAM2 - TIP INSPECTION;RecipeAdvancedParameter;HighValue BinBlob;50;10000;0
ST0 - CAM2 - TIP INSPECTION;RecipeAdvancedParameter;ROI attiva nella BinBlob;1;1;0
ST0 - CAM2 - TIP INSPECTION;RecipeAdvancedParameter;Abilita/Disabilita IsBorderOFF BinBlob;1;1;0
ST0 - CAM2 - TIP INSPECTION;RecipeAdvancedParameter;Abilita/Disabilita Mascheratura BinBlob;1;1;0
ST0 - CAM2 - TIP INSPECTION;RecipeAdvancedParameter;Tipo di BinBlobAnalisi;4;8;0
ST0 - CAM2 - TIP INSPECTION;RecipeAdvancedParameter;Valore collegamento Edge;5;10000;0
ST0 - CAM2 - TIP INSPECTION;RecipeAdvancedParameter;Minima Lunghezza Edge;1;10000;0
ST0 - CAM2 - TIP INSPECTION;RecipeAdvancedParameter;Smooth per l'edge finder;60;10000;0
ST0 - CAM2 - TIP INSPECTION;RecipeAdvancedParameter;Lunghezza filtro gaussiamo;15;10000;0
ST0 - CAM2 - TIP INSPECTION;RecipeAdvancedParameter;Sigma filtro gaussiamo;5;10000;0
ST0 - CAM2 - TIP INSPECTION;RecipeAdvancedParameter;Profondità bit LUT;8;32;0
ST0 - CAM2 - TIP INSPECTION;RecipeAdvancedParameter;Valore finale LUT (Bianco);255;255;0
ST0 - CAM2 - TIP INSPECTION;RecipeAdvancedParameter;Valore Iniziale LUT (Nero);0;10000;0
ST0 - CAM2 - TIP INSPECTION;RecipeAdvancedParameter;Orientazione fiala (0 - vert, 1 -oriz);1;10000;0
ST0 - CAM2 - TIP INSPECTION;RecipeAdvancedParameter;Abilita/Disabilita FastEdge;0;1;0
ST0 - CAM2 - TIP INSPECTION;RecipeAdvancedParameter;Dimensione grafica (0 nessuna);1;10000;0
ST0 - CAM2 - TIP INSPECTION;RecipeAdvancedParameter;Abilita/Disabilita ROI;1;1;0
ST0 - CAM2 - TIP INSPECTION;RecipeAdvancedParameter;Tolleranza maschera;10;10000;0
ST0 - CAM2 - TIP INSPECTION;RecipeAdvancedParameter;Tipo Tool;0;10000;0
ST0 - CAM2 - TIP INSPECTION;RecipeAdvancedParameter;FlipOff Tipo di Binarizzazione;0;1;0
ST0 - CAM2 - TIP INSPECTION;RecipeAdvancedParameter;FlipOff risoluzione griglia;5;1000;0
ST0 - CAM2 - TIP INSPECTION;RecipeAdvancedParameter;FlipOff tipo griglia;0;1000;0
ST0 - CAM2 - TIP INSPECTION;RecipeAdvancedParameter;Tipo di Binarizzazione Ghiera;0;1;0
ST0 - CAM2 - TIP INSPECTION;RecipeAdvancedParameter;Risoluzione griglia Ghiera;2;1000;0
ST0 - CAM2 - TIP INSPECTION;RecipeAdvancedParameter;Tipo griglia Ghiera;1;1;0
ST0 - CAM2 - TIP INSPECTION;RecipeAdvancedParameter;Tipo di Binarizzazione Top;0;1000;0
ST0 - CAM2 - TIP INSPECTION;RecipeAdvancedParameter;$ARGBottleTopFinderGrayMin;-1;255;-1
ST0 - CAM2 - TIP INSPECTION;RecipeAdvancedParameter;$ARGBottleTopFinderGrayMax;-1;255;-1
ST0 - CAM2 - TIP INSPECTION;RecipeAdvancedParameter;Selezione tipo sfondo;0;1;0
ST0 - CAM2 - TIP INSPECTION;RecipeAdvancedParameter;Orientamento camera;1;1;0
ST0 - CAM2 - TIP INSPECTION;RecipeAdvancedParameter;Modello TIP dxf;TipShape_10ml.DXF;;
ST0 - CAM2 - TIP INSPECTION;RecipeAdvancedParameter;Dati del learning flipOff Analisi;RwAAAAAAAAAFFAAAAAAAAAUAAAAEAAAALAAAABkAAAA=;;
ST0 - CAM2 - TIP INSPECTION;RecipeAdvancedParameter;Dati del learning Analisi Ghiera;CwYAAAAAAAAFFAAAAAAAAAIAAAACAAAAhAAAADcAAAA=;;
ST0 - CAM2 - TIP INSPECTION;ROIParameter;ROI ID;0;100;0
ST0 - CAM2 - TIP INSPECTION;ROIParameter;Tipo di ROI;0;10;0
ST0 - CAM2 - TIP INSPECTION;ROIParameter;ROI Start X;156;1023;0
ST0 - CAM2 - TIP INSPECTION;ROIParameter;ROI End X;366;1023;0
ST0 - CAM2 - TIP INSPECTION;ROIParameter;ROI Start Y;57;767;0
ST0 - CAM2 - TIP INSPECTION;ROIParameter;ROI End Y;373;767;0
ST0 - CAM2 - TIP INSPECTION;ROIParameter;Colore ROI;0;255;0
ST0 - CAM2 - TIP INSPECTION;ROIParameter;Colore riempimento ROI;0;1;0
ST0 - CAM2 - TIP INSPECTION;ROIParameter;Visualizzazione ROI;0;1;0
ST0 - CAM2 - TIP INSPECTION;ROIParameter;$label_it;ROI Controllo Punta;;
ST0 - CAM2 - TIP INSPECTION;ROIParameter;$label_en;ROI Tip Inspection;;
ST0 - CAM2 - TIP INSPECTION;ROIParameter;ROI ID;1;100;0
ST0 - CAM2 - TIP INSPECTION;ROIParameter;Tipo di ROI;0;10;0
ST0 - CAM2 - TIP INSPECTION;ROIParameter;ROI Start X;10;1023;0
ST0 - CAM2 - TIP INSPECTION;ROIParameter;ROI End X;159;1023;0
ST0 - CAM2 - TIP INSPECTION;ROIParameter;ROI Start Y;10;767;0
ST0 - CAM2 - TIP INSPECTION;ROIParameter;ROI End Y;29;767;0
ST0 - CAM2 - TIP INSPECTION;ROIParameter;Colore ROI;0;255;0
ST0 - CAM2 - TIP INSPECTION;ROIParameter;Colore riempimento ROI;0;1;0
ST0 - CAM2 - TIP INSPECTION;ROIParameter;Visualizzazione ROI;0;1;0
ST0 - CAM2 - TIP INSPECTION;ROIParameter;$label_it;ROI Controllo Laterale FlipOff;;
ST0 - CAM2 - TIP INSPECTION;ROIParameter;$label_en;ROI FlipOff lateral;;
ST0 - CAM2 - TIP INSPECTION;ROIParameter;ROI ID;2;100;0
ST0 - CAM2 - TIP INSPECTION;ROIParameter;Tipo di ROI;0;10;0
ST0 - CAM2 - TIP INSPECTION;ROIParameter;ROI Start X;25;1023;0
ST0 - CAM2 - TIP INSPECTION;ROIParameter;ROI End X;199;1023;0
ST0 - CAM2 - TIP INSPECTION;ROIParameter;ROI Start Y;25;767;0
ST0 - CAM2 - TIP INSPECTION;ROIParameter;ROI End Y;64;767;0
ST0 - CAM2 - TIP INSPECTION;ROIParameter;Colore ROI;0;255;0
ST0 - CAM2 - TIP INSPECTION;ROIParameter;Colore riempimento ROI;0;1;0
ST0 - CAM2 - TIP INSPECTION;ROIParameter;Visualizzazione ROI;0;1;0
ST0 - CAM2 - TIP INSPECTION;ROIParameter;$label_it;ROI Controllo Ghiera;;
ST0 - CAM2 - TIP INSPECTION;ROIParameter;$label_en;ROI AluSeal;;
ST0 - CAM2 - TIP INSPECTION;ROIParameter;ROI ID;3;100;0
ST0 - CAM2 - TIP INSPECTION;ROIParameter;Tipo di ROI;0;10;0
ST0 - CAM2 - TIP INSPECTION;ROIParameter;ROI Start X;0;1023;0
ST0 - CAM2 - TIP INSPECTION;ROIParameter;ROI End X;149;1023;0
ST0 - CAM2 - TIP INSPECTION;ROIParameter;ROI Start Y;0;767;0
ST0 - CAM2 - TIP INSPECTION;ROIParameter;ROI End Y;24;767;0
ST0 - CAM2 - TIP INSPECTION;ROIParameter;Colore ROI;0;255;0
ST0 - CAM2 - TIP INSPECTION;ROIParameter;Colore riempimento ROI;0;1;0
ST0 - CAM2 - TIP INSPECTION;ROIParameter;Visualizzazione ROI;0;1;0
ST0 - CAM2 - TIP INSPECTION;ROIParameter;$label_it;ROI Controllo Crimpatura;;
ST0 - CAM2 - TIP INSPECTION;ROIParameter;$label_en;ROI Crimping;;
ST0 - CAM2 - TIP INSPECTION;ROIParameter;ROI ID;4;100;0
ST0 - CAM2 - TIP INSPECTION;ROIParameter;Tipo di ROI;0;10;0
ST0 - CAM2 - TIP INSPECTION;ROIParameter;ROI Start X;0;1023;0
ST0 - CAM2 - TIP INSPECTION;ROIParameter;ROI End X;0;1023;0
ST0 - CAM2 - TIP INSPECTION;ROIParameter;ROI Start Y;0;767;0
ST0 - CAM2 - TIP INSPECTION;ROIParameter;ROI End Y;0;767;0
ST0 - CAM2 - TIP INSPECTION;ROIParameter;Colore ROI;0;255;0
ST0 - CAM2 - TIP INSPECTION;ROIParameter;Colore riempimento ROI;0;1;0
ST0 - CAM2 - TIP INSPECTION;ROIParameter;Visualizzazione ROI;0;1;0
ST0 - CAM2 - TIP INSPECTION;ROIParameter;$label_it;ROI Controllo FlipOff;;
ST0 - CAM2 - TIP INSPECTION;ROIParameter;$label_en;ROI FlipOff;;
ST0 - CAM3 - FLIPOFF;AcquisitionParameter;Numero di frames;0;100;0
ST0 - CAM3 - FLIPOFF;AcquisitionParameter;Tempo di esposizione [us];1000;10000;1
ST0 - CAM3 - FLIPOFF;AcquisitionParameter;Guadagno;0;1023;0
ST0 - CAM3 - FLIPOFF;AcquisitionParameter;On/Off Strobo;0;1;0
ST0 - CAM3 - FLIPOFF;AcquisitionParameter;Tempo di accensione strobo [us];1000;10000;0
ST0 - CAM3 - FLIPOFF;AcquisitionParameter;Ritardo acquisizione [us];0;1000;0
ST0 - CAM3 - FLIPOFF;AcquisitionParameter;Guadagno blu;250;1000;0
ST0 - CAM3 - FLIPOFF;AcquisitionParameter;Guadagno rosso;250;1000;0
ST0 - CAM3 - FLIPOFF;AcquisitionParameter;Guadagno verde;150;1000;0
ST0 - CAM3 - FLIPOFF;AcquisitionParameter;Pin di Uscita strobo;1;1000;0
ST0 - CAM3 - FLIPOFF;AcquisitionParameter;Ingresso trigger;0;1000;0
ST0 - CAM3 - FLIPOFF;AcquisitionParameter;Abilitazione A.O.I.;1;1;0
ST0 - CAM3 - FLIPOFF;AcquisitionParameter;A.O.I. X Start;576;1023;0
ST0 - CAM3 - FLIPOFF;AcquisitionParameter;A.O.I. Y Start;0;767;0
ST0 - CAM3 - FLIPOFF;AcquisitionParameter;A.O.I. Intervallo X;896;1024;0
ST0 - CAM3 - FLIPOFF;AcquisitionParameter;A.O.I. Intervallo Y;2048;2048;0
ST0 - CAM3 - FLIPOFF;FeaturesEnableParameter;M12 Analisi;3;5;0
ST0 - CAM3 - FLIPOFF;FeaturesEnableParameter;Risultato abilitato a display;0;17;0
ST0 - CAM3 - FLIPOFF;FeaturesEnableParameter;Abilitazione display analisi anelli;0;1;0
ST0 - CAM3 - FLIPOFF;FeaturesEnableParameter;Abilita testina M12;1;1;0
ST0 - CAM3 - FLIPOFF;FeaturesEnableParameter;Tipo Analisi FlipOff;1;4;0
ST0 - CAM3 - FLIPOFF;FeaturesEnableParameter;Tipo Analisi ghiera;1;4;0
ST0 - CAM3 - FLIPOFF;FeaturesEnableParameter;Tipo Analisi crimpatura;0;1;0
ST0 - CAM3 - FLIPOFF;FeaturesEnableParameter;Tipo rilevamento FlipOff;1;1;0
ST0 - CAM3 - FLIPOFF;FeaturesEnableParameter;Tipo Analisi FlipOff;5;5;0
ST0 - CAM3 - FLIPOFF;FeaturesEnableParameter;Selezione canale colore;1;12;0
ST0 - CAM3 - FLIPOFF;FeaturesEnableParameter;Abilita presenza flipOff;1;2;0
ST0 - CAM3 - FLIPOFF;FeaturesEnableParameter;On/Off Debug Info;1;1;0
ST0 - CAM3 - FLIPOFF;FeaturesEnableParameter;On/Off Salvataggio Img;0;;
ST0 - CAM3 - FLIPOFF;RecipeSimpleParameter;LowValue BinBlob;0;10000;0
ST0 - CAM3 - FLIPOFF;RecipeSimpleParameter;Area Minima BinBlol;500;10000;0
ST0 - CAM3 - FLIPOFF;RecipeSimpleParameter;Lut Hight Tip inspection;200;255;0
ST0 - CAM3 - FLIPOFF;RecipeSimpleParameter;Lut Low Tip inspection;0;255;0
ST0 - CAM3 - FLIPOFF;RecipeSimpleParameter;Soglia contrasto Rings;0;255;0
ST0 - CAM3 - FLIPOFF;RecipeSimpleParameter;Soglia altezza anelli;0;10000;0
ST0 - CAM3 - FLIPOFF;RecipeSimpleParameter;Colore Hue anello 1;0;255;-255
ST0 - CAM3 - FLIPOFF;RecipeSimpleParameter;Colore Hue anello 2;0;255;-255
ST0 - CAM3 - FLIPOFF;RecipeSimpleParameter;Colore Hue anello 3;0;255;-255
ST0 - CAM3 - FLIPOFF;RecipeSimpleParameter;EdgeSum Threshold;10;10000;0
ST0 - CAM3 - FLIPOFF;RecipeSimpleParameter;TIP Edge Tol;10;10000;0
ST0 - CAM3 - FLIPOFF;RecipeSimpleParameter;BinBlob BlobAreaMin;0;10000;0
ST0 - CAM3 - FLIPOFF;RecipeSimpleParameter;BinBlob BlobAreaMax;0;10000;0
ST0 - CAM3 - FLIPOFF;RecipeSimpleParameter;BinBlob BlobAreaMax;0;10000;0
ST0 - CAM3 - FLIPOFF;RecipeSimpleParameter;BinBlob Max Blobs;0;10000;0
ST0 - CAM3 - FLIPOFF;RecipeSimpleParameter;BinBlob Max Blobs;0;10000;0
ST0 - CAM3 - FLIPOFF;RecipeSimpleParameter;BinBlob Sum Blobs AreaMax;0;10000;0
ST0 - CAM3 - FLIPOFF;RecipeSimpleParameter;$THRTipControlIntegralSumMin;0;10000;0
ST0 - CAM3 - FLIPOFF;RecipeSimpleParameter;TipControl Integral SumMax;0;10000;0
ST0 - CAM3 - FLIPOFF;RecipeSimpleParameter;TipControl Deviazione Angolare Min;0;10000;0
ST0 - CAM3 - FLIPOFF;RecipeSimpleParameter;Max Deviazione angolare;0;10000;0
ST0 - CAM3 - FLIPOFF;RecipeSimpleParameter;$THRTipControlMaxDistanceFromModelMin;0;10000;0
ST0 - CAM3 - FLIPOFF;RecipeSimpleParameter;TipControl Max Distance from Model;0;10000;0
ST0 - CAM3 - FLIPOFF;RecipeSimpleParameter;Altezza Minima Punta;0;10000;0
ST0 - CAM3 - FLIPOFF;RecipeSimpleParameter;Altezza Massima Punta;0;10000;0
ST0 - CAM3 - FLIPOFF;RecipeSimpleParameter;$THRCheckRingNumberOfRingsMin;0;10000;0
ST0 - CAM3 - FLIPOFF;RecipeSimpleParameter;Numero di anelli;0;10000;0
ST0 - CAM3 - FLIPOFF;RecipeSimpleParameter;Colore Anello 1 Min;0;10000;0
ST0 - CAM3 - FLIPOFF;RecipeSimpleParameter;Colore Anello 1 Max;0;10000;0
ST0 - CAM3 - FLIPOFF;RecipeSimpleParameter;Colore Anello 2 Min;0;10000;0
ST0 - CAM3 - FLIPOFF;RecipeSimpleParameter;Colore Anello 2 Max;0;10000;0
ST0 - CAM3 - FLIPOFF;RecipeSimpleParameter;Colore Anello 3 Min;0;10000;0
ST0 - CAM3 - FLIPOFF;RecipeSimpleParameter;Colore Anello 3 Max;0;10000;0
ST0 - CAM3 - FLIPOFF;RecipeSimpleParameter;Tempo di elaborazione;25;10000;0
ST0 - CAM3 - FLIPOFF;RecipeSimpleParameter;FlipOff Box Area ;0;10000;0
ST0 - CAM3 - FLIPOFF;RecipeSimpleParameter;FlipOff area minima Blob;10;10000;0
ST0 - CAM3 - FLIPOFF;RecipeSimpleParameter;FlipOff area massima Blob;4500;10000;0
ST0 - CAM3 - FLIPOFF;RecipeSimpleParameter;FlipOff Bin Low;16;255;0
ST0 - CAM3 - FLIPOFF;RecipeSimpleParameter;FlipOff Bin High;70;255;0
ST0 - CAM3 - FLIPOFF;RecipeSimpleParameter;FlipOff soglia relativa;0;255;-1
ST0 - CAM3 - FLIPOFF;RecipeSimpleParameter;FlipOff Sensibilità;2;1000;0
ST0 - CAM3 - FLIPOFF;RecipeSimpleParameter;AluSeal Box Area;0;10000;0
ST0 - CAM3 - FLIPOFF;RecipeSimpleParameter;AluSeal Min Area;10;10000;0
ST0 - CAM3 - FLIPOFF;RecipeSimpleParameter;AluSeal Max Area;7500;100000;0
ST0 - CAM3 - FLIPOFF;RecipeSimpleParameter;AluSeal Bin Low;0;255;0
ST0 - CAM3 - FLIPOFF;RecipeSimpleParameter;AluSeal Bin High;255;255;0
ST0 - CAM3 - FLIPOFF;RecipeSimpleParameter;FlipOff soglia relativa;0;255;0
ST0 - CAM3 - FLIPOFF;RecipeSimpleParameter;Sensibilità Crimpatura;2;10000;0
ST0 - CAM3 - FLIPOFF;RecipeSimpleParameter;Crimpatura sensibilità;0;10000;0
ST0 - CAM3 - FLIPOFF;RecipeSimpleParameter;FlipOff Min Area;100;10000;0
ST0 - CAM3 - FLIPOFF;RecipeSimpleParameter;FlipOff Max Area;10000;100000;0
ST0 - CAM3 - FLIPOFF;RecipeSimpleParameter;Colore Minimo;0;10000;0
ST0 - CAM3 - FLIPOFF;RecipeSimpleParameter;Colore Max;0;10000;0
ST0 - CAM3 - FLIPOFF;RecipeSimpleParameter;Livello di grigio basso;0;255;-1
ST0 - CAM3 - FLIPOFF;RecipeSimpleParameter;Livello di grigio Alto;50;255;-1
ST0 - CAM3 - FLIPOFF;RecipeSimpleParameter;Max livello di grigio;-1;10000;-1
ST0 - CAM3 - FLIPOFF;RecipeSimpleParameter;FlipOff Raggio ROI manual;25;10000;0
ST0 - CAM3 - FLIPOFF;RecipeSimpleParameter;Ampiezza Min FlipOff;224;10000;0
ST0 - CAM3 - FLIPOFF;RecipeSimpleParameter;Ampiezza Max FlipOff;264;10000;0
ST0 - CAM3 - FLIPOFF;RecipeSimpleParameter;Altezza Min Flacone;165;10000;0
ST0 - CAM3 - FLIPOFF;RecipeSimpleParameter;Altezza Max Flacone;205;10000;0
ST0 - CAM3 - FLIPOFF;RecipeSimpleParameter;Larghezza Min ghiera;209;10000;0
ST0 - CAM3 - FLIPOFF;RecipeSimpleParameter;Larghezza Max ghiera;249;10000;0
ST0 - CAM3 - FLIPOFF;RecipeSimpleParameter;Altezza Min ghiera;115;10000;0
ST0 - CAM3 - FLIPOFF;RecipeSimpleParameter;Altezza Max ghiera;155;10000;0
ST0 - CAM3 - FLIPOFF;RecipeSimpleParameter;Minimo grigio analisi dall'alto;0;10000;0
ST0 - CAM3 - FLIPOFF;RecipeSimpleParameter;Massimo grigio analisi dall'alto;0;10000;0
ST0 - CAM3 - FLIPOFF;RecipeSimpleParameter;Dall'alto area minima Blob;0;100000;0
ST0 - CAM3 - FLIPOFF;RecipeSimpleParameter;Dall'alto area massima Blob;0;10000;0
ST0 - CAM3 - FLIPOFF;RecipeAdvancedParameter;HighValue BinBlob;50;10000;0
ST0 - CAM3 - FLIPOFF;RecipeAdvancedParameter;ROI attiva nella BinBlob;1;1;0
ST0 - CAM3 - FLIPOFF;RecipeAdvancedParameter;Abilita/Disabilita IsBorderOFF BinBlob;1;1;0
ST0 - CAM3 - FLIPOFF;RecipeAdvancedParameter;Abilita/Disabilita Mascheratura BinBlob;1;1;0
ST0 - CAM3 - FLIPOFF;RecipeAdvancedParameter;Tipo di BinBlobAnalisi;4;8;0
ST0 - CAM3 - FLIPOFF;RecipeAdvancedParameter;Valore collegamento Edge;5;10000;0
ST0 - CAM3 - FLIPOFF;RecipeAdvancedParameter;Minima Lunghezza Edge;1;10000;0
ST0 - CAM3 - FLIPOFF;RecipeAdvancedParameter;Smooth per l'edge finder;60;10000;0
ST0 - CAM3 - FLIPOFF;RecipeAdvancedParameter;Lunghezza filtro gaussiamo;15;10000;0
ST0 - CAM3 - FLIPOFF;RecipeAdvancedParameter;Sigma filtro gaussiamo;5;10000;0
ST0 - CAM3 - FLIPOFF;RecipeAdvancedParameter;Profondità bit LUT;8;32;0
ST0 - CAM3 - FLIPOFF;RecipeAdvancedParameter;Valore finale LUT (Bianco);255;255;0
ST0 - CAM3 - FLIPOFF;RecipeAdvancedParameter;Valore Iniziale LUT (Nero);0;10000;0
ST0 - CAM3 - FLIPOFF;RecipeAdvancedParameter;Orientazione fiala (0 - vert, 1 -oriz);1;10000;0
ST0 - CAM3 - FLIPOFF;RecipeAdvancedParameter;Abilita/Disabilita FastEdge;0;1;0
ST0 - CAM3 - FLIPOFF;RecipeAdvancedParameter;Dimensione grafica (0 nessuna);1;10000;0
ST0 - CAM3 - FLIPOFF;RecipeAdvancedParameter;Abilita/Disabilita ROI;1;1;0
ST0 - CAM3 - FLIPOFF;RecipeAdvancedParameter;Tolleranza maschera;10;10000;0
ST0 - CAM3 - FLIPOFF;RecipeAdvancedParameter;Tipo Tool;0;10000;0
ST0 - CAM3 - FLIPOFF;RecipeAdvancedParameter;FlipOff Tipo di Binarizzazione;0;1;0
ST0 - CAM3 - FLIPOFF;RecipeAdvancedParameter;FlipOff risoluzione griglia;5;1000;0
ST0 - CAM3 - FLIPOFF;RecipeAdvancedParameter;FlipOff tipo griglia;0;1000;0
ST0 - CAM3 - FLIPOFF;RecipeAdvancedParameter;Tipo di Binarizzazione Ghiera;0;1;0
ST0 - CAM3 - FLIPOFF;RecipeAdvancedParameter;Risoluzione griglia Ghiera;2;1000;0
ST0 - CAM3 - FLIPOFF;RecipeAdvancedParameter;Tipo griglia Ghiera;1;1;0
ST0 - CAM3 - FLIPOFF;RecipeAdvancedParameter;Tipo di Binarizzazione Top;1;1000;0
ST0 - CAM3 - FLIPOFF;RecipeAdvancedParameter;$ARGBottleTopFinderGrayMin;-1;255;-1
ST0 - CAM3 - FLIPOFF;RecipeAdvancedParameter;$ARGBottleTopFinderGrayMax;-1;255;-1
ST0 - CAM3 - FLIPOFF;RecipeAdvancedParameter;Selezione tipo sfondo;0;1;0
ST0 - CAM3 - FLIPOFF;RecipeAdvancedParameter;Orientamento camera;1;1;0
ST0 - CAM3 - FLIPOFF;RecipeAdvancedParameter;Modello TIP dxf;TipShape_10ml.DXF;;
ST0 - CAM3 - FLIPOFF;RecipeAdvancedParameter;Dati del learning flipOff Analisi;fwAAAAAAAAAFFAAAAAAAAAUAAAAEAAAAKAAAABgAAAA=;;
ST0 - CAM3 - FLIPOFF;RecipeAdvancedParameter;Dati del learning Analisi Ghiera;nwYAAAAAAAAFFAAAAAAAAAIAAAACAAAAewAAADsAAAA=;;
ST0 - CAM3 - FLIPOFF;ROIParameter;ROI ID;0;100;0
ST0 - CAM3 - FLIPOFF;ROIParameter;Tipo di ROI;0;10;0
ST0 - CAM3 - FLIPOFF;ROIParameter;ROI Start X;150;1023;0
ST0 - CAM3 - FLIPOFF;ROIParameter;ROI End X;349;1023;0
ST0 - CAM3 - FLIPOFF;ROIParameter;ROI Start Y;50;767;0
ST0 - CAM3 - FLIPOFF;ROIParameter;ROI End Y;349;767;0
ST0 - CAM3 - FLIPOFF;ROIParameter;Colore ROI;0;255;0
ST0 - CAM3 - FLIPOFF;ROIParameter;Colore riempimento ROI;0;1;0
ST0 - CAM3 - FLIPOFF;ROIParameter;Visualizzazione ROI;0;1;0
ST0 - CAM3 - FLIPOFF;ROIParameter;$label_it;ROI Controllo Punta;;
ST0 - CAM3 - FLIPOFF;ROIParameter;$label_en;ROI Tip Inspection;;
ST0 - CAM3 - FLIPOFF;ROIParameter;ROI ID;1;100;0
ST0 - CAM3 - FLIPOFF;ROIParameter;Tipo di ROI;0;10;0
ST0 - CAM3 - FLIPOFF;ROIParameter;ROI Start X;10;1023;0
ST0 - CAM3 - FLIPOFF;ROIParameter;ROI End X;159;1023;0
ST0 - CAM3 - FLIPOFF;ROIParameter;ROI Start Y;10;767;0
ST0 - CAM3 - FLIPOFF;ROIParameter;ROI End Y;39;767;0
ST0 - CAM3 - FLIPOFF;ROIParameter;Colore ROI;0;255;0
ST0 - CAM3 - FLIPOFF;ROIParameter;Colore riempimento ROI;0;1;0
ST0 - CAM3 - FLIPOFF;ROIParameter;Visualizzazione ROI;0;1;0
ST0 - CAM3 - FLIPOFF;ROIParameter;$label_it;ROI Controllo Laterale FlipOff;;
ST0 - CAM3 - FLIPOFF;ROIParameter;$label_en;ROI Lateral FlipOff;;
ST0 - CAM3 - FLIPOFF;ROIParameter;ROI ID;2;100;0
ST0 - CAM3 - FLIPOFF;ROIParameter;Tipo di ROI;0;10;0
ST0 - CAM3 - FLIPOFF;ROIParameter;ROI Start X;20;1023;0
ST0 - CAM3 - FLIPOFF;ROIParameter;ROI End X;169;1023;0
ST0 - CAM3 - FLIPOFF;ROIParameter;ROI Start Y;20;767;0
ST0 - CAM3 - FLIPOFF;ROIParameter;ROI End Y;69;767;0
ST0 - CAM3 - FLIPOFF;ROIParameter;Colore ROI;0;255;0
ST0 - CAM3 - FLIPOFF;ROIParameter;Colore riempimento ROI;0;1;0
ST0 - CAM3 - FLIPOFF;ROIParameter;Visualizzazione ROI;0;1;0
ST0 - CAM3 - FLIPOFF;ROIParameter;$label_it;ROI Controllo Ghiera;;
ST0 - CAM3 - FLIPOFF;ROIParameter;$label_en;ROI Crimping;;
ST0 - CAM3 - FLIPOFF;ROIParameter;ROI ID;3;100;0
ST0 - CAM3 - FLIPOFF;ROIParameter;Tipo di ROI;0;10;0
ST0 - CAM3 - FLIPOFF;ROIParameter;ROI Start X;0;1023;0
ST0 - CAM3 - FLIPOFF;ROIParameter;ROI End X;149;1023;0
ST0 - CAM3 - FLIPOFF;ROIParameter;ROI Start Y;0;767;0
ST0 - CAM3 - FLIPOFF;ROIParameter;ROI End Y;24;767;0
ST0 - CAM3 - FLIPOFF;ROIParameter;Colore ROI;0;255;0
ST0 - CAM3 - FLIPOFF;ROIParameter;Colore riempimento ROI;0;1;0
ST0 - CAM3 - FLIPOFF;ROIParameter;Visualizzazione ROI;0;1;0
ST0 - CAM3 - FLIPOFF;ROIParameter;ROI ID;4;100;0
ST0 - CAM3 - FLIPOFF;ROIParameter;Tipo di ROI;0;10;0
ST0 - CAM3 - FLIPOFF;ROIParameter;ROI Start X;250;1023;0
ST0 - CAM3 - FLIPOFF;ROIParameter;ROI End X;0;1023;0
ST0 - CAM3 - FLIPOFF;ROIParameter;ROI Start Y;510;767;0
ST0 - CAM3 - FLIPOFF;ROIParameter;ROI End Y;0;767;0
ST0 - CAM3 - FLIPOFF;ROIParameter;Colore ROI;0;255;0
ST0 - CAM3 - FLIPOFF;ROIParameter;Colore riempimento ROI;0;1;0
ST0 - CAM3 - FLIPOFF;ROIParameter;Visualizzazione ROI;0;1;0
ST1 - COSMETIC;AcquisitionParameter;Numero di frames;18;25;4
ST1 - COSMETIC;AcquisitionParameter;Tempo di esposizione [us];25;10000;1
ST1 - COSMETIC;AcquisitionParameter;Guadagno;0;1023;0
ST1 - COSMETIC;AcquisitionParameter;On/Off Strobo;1;1;0
ST1 - COSMETIC;AcquisitionParameter;Tempo di accensione strobo [us];41;260;10
ST1 - COSMETIC;AcquisitionParameter;Ritardo acquisizione [us];0;1000;0
ST1 - COSMETIC;AcquisitionParameter;Guadagno blu;0;1000;0
ST1 - COSMETIC;AcquisitionParameter;Guadagno rosso;0;1000;0
ST1 - COSMETIC;AcquisitionParameter;Guadagno verde;0;1000;0
ST1 - COSMETIC;AcquisitionParameter;Pin di Uscita strobo;0;1000;0
ST1 - COSMETIC;AcquisitionParameter;Ingresso trigger;0;1000;0
ST1 - COSMETIC;AcquisitionParameter;Abilitazione A.O.I.;1;1;0
ST1 - COSMETIC;AcquisitionParameter;A.O.I. X Start;576;2047;0
ST1 - COSMETIC;AcquisitionParameter;A.O.I. Y Start;0;2047;0
ST1 - COSMETIC;AcquisitionParameter;A.O.I. Intervallo X;896;2048;16
ST1 - COSMETIC;AcquisitionParameter;A.O.I. Intervallo Y;2048;2048;64
ST1 - COSMETIC;AcquisitionParameter;Vial axis filename;10.200.15.75_vial_24000.xml;;
ST1 - COSMETIC;FeaturesEnableParameter;Abilitazione analisi;1;1;0
ST1 - COSMETIC;FeaturesEnableParameter;Abilitazione informazioni su immagine;1;1;0
ST1 - COSMETIC;FeaturesEnableParameter;Display dei blobs;1;1;0
ST1 - COSMETIC;FeaturesEnableParameter;Display Bolle;1;1;0
ST1 - COSMETIC;FeaturesEnableParameter;Abilitazione salvataggio immagini differenze;0;1;0
ST1 - COSMETIC;FeaturesEnableParameter;Abilitazione salvataggio traiettoria;0;1;0
ST1 - COSMETIC;FeaturesEnableParameter;Invia live decimato;0;1;0
ST1 - COSMETIC;FeaturesEnableParameter;Abilitazione invio immagine risultati;1;1;0
ST1 - COSMETIC;FeaturesEnableParameter;Invio traiettorie;0;1;0
ST1 - COSMETIC;FeaturesEnableParameter;Abilitazione analisi menisco;1;1;0
ST1 - COSMETIC;FeaturesEnableParameter;Display analisi menisco;1;2;0
ST1 - COSMETIC;FeaturesEnableParameter;Abilitazione normalizzazione sensore;1;1;0
ST1 - COSMETIC;FeaturesEnableParameter;Abilitazione ROI dinamica;1;1;0
ST1 - COSMETIC;FeaturesEnableParameter;Visualizzazione ROI sui risultati;1;1;0
ST1 - COSMETIC;FeaturesEnableParameter;Abilitazione espansione della ROI sul fondo;1;1;0
ST1 - COSMETIC;FeaturesEnableParameter;Abilitazione filtro di Kalman per tracking;0;1;0
ST1 - COSMETIC;FeaturesEnableParameter;Abilitazione analisi riempimento;0;1;0
ST1 - COSMETIC;FeaturesEnableParameter;Abilitazione mascheratura blob;0;1;0
ST1 - COSMETIC;FeaturesEnableParameter;Visualizzazione mascheratura blob;0;1;0
ST1 - COSMETIC;FeaturesEnableParameter;Visualizzazione Traiettorie;0;1;0
ST1 - COSMETIC;FeaturesEnableParameter;On/Off Analisi del fondo;1;1;0
ST1 - COSMETIC;FeaturesEnableParameter;On/Off Traiettorie;0;1;0
ST1 - COSMETIC;RecipeSimpleParameter;Sensibilità;10;255;0
ST1 - COSMETIC;RecipeSimpleParameter;Soglia alta binarizzazione ROI dinamica;243;255;0
ST1 - COSMETIC;RecipeSimpleParameter;Soglia bassa binarizzazione ROI dinamica;80;255;0
ST1 - COSMETIC;RecipeSimpleParameter;GAP Fondo;10;255;0
ST1 - COSMETIC;RecipeSimpleParameter;GAP Menisco;15;255;0
ST1 - COSMETIC;RecipeSimpleParameter;Soglia menisco P.U.M.;110;255;0
ST1 - COSMETIC;RecipeSimpleParameter;Massima area blob reject;1000;100000;0
ST1 - COSMETIC;RecipeSimpleParameter;Area minima blob;400;10000;0
ST1 - COSMETIC;RecipeSimpleParameter;Massima area low blob reject analisi;1000;100000;0
ST1 - COSMETIC;RecipeSimpleParameter;Livello di riempimento min;100;2048;0
ST1 - COSMETIC;RecipeSimpleParameter;Livello di riempimento max;2000;2048;0
ST1 - COSMETIC;RecipeSimpleParameter;Livello di luminosità;0;255;0
ST1 - COSMETIC;RecipeSimpleParameter;BlobMax numero di Frames consecutivi;2;255;0
ST1 - COSMETIC;RecipeSimpleParameter;Sensibilità fondo;40;255;0
ST1 - COSMETIC;RecipeAdvancedParameter;1° filtro morfologico;0;2;0
ST1 - COSMETIC;RecipeAdvancedParameter;2° filtro morfologico;0;2;0
ST1 - COSMETIC;RecipeAdvancedParameter;Dimensione buffer RLE;1000000;1000000;1000000
ST1 - COSMETIC;RecipeAdvancedParameter;Num morf. ROI dinamica;0;20;0
ST1 - COSMETIC;RecipeAdvancedParameter;Analisi menisco min num;5;100;0
ST1 - COSMETIC;RecipeAdvancedParameter;Sensibilità analisi menisco;20;255;0
ST1 - COSMETIC;RecipeAdvancedParameter;P.U.M. pixel offset;50;1024;0
ST1 - COSMETIC;RecipeAdvancedParameter;Numero massimo di blob;100;1000;0
ST1 - COSMETIC;RecipeAdvancedParameter;Massimo fattore di forma bolle;1.5;10;0
ST1 - COSMETIC;RecipeAdvancedParameter;Diff minima densità ottica bolle;200;255;0
ST1 - COSMETIC;RecipeAdvancedParameter;Dimensione massima bolle;50;1000;0
ST1 - COSMETIC;RecipeAdvancedParameter;Dimensione minima bolle;7;1000;0
ST1 - COSMETIC;RecipeAdvancedParameter;Massima accelerazione per tracking;3;1000;-1
ST1 - COSMETIC;RecipeAdvancedParameter;Max rapporto aree per tracking;3;1000;1
ST1 - COSMETIC;RecipeAdvancedParameter;Max rapporto altezze per tracking;3;1000;1
ST1 - COSMETIC;RecipeAdvancedParameter;Max rapporto larghezze per tracking;3;1000;1
ST1 - COSMETIC;RecipeAdvancedParameter;Angolo max segmento tracking;45;90;0
ST1 - COSMETIC;RecipeAdvancedParameter;Angolo max traiettoria;30;180;-1
ST1 - COSMETIC;RecipeAdvancedParameter;Minima distanza per tracking;5;1000;0
ST1 - COSMETIC;RecipeAdvancedParameter;Numero frame backward per tracking;2;3;1
ST1 - COSMETIC;RecipeAdvancedParameter;Tracking frame backward reduction;25;1000;0
ST1 - COSMETIC;RecipeAdvancedParameter;Dimensione buffer traiettorie;1000000;1000000;0
ST1 - COSMETIC;RecipeAdvancedParameter;Lunghezza max segmenti traiettoria;0;2048;0
ST1 - COSMETIC;RecipeAdvancedParameter;Lunghezza min segmenti traiettoria;0;2048;0
ST1 - COSMETIC;RecipeAdvancedParameter;Num campioni traiettorie ricorrenti;10;1000;0
ST1 - COSMETIC;RecipeAdvancedParameter;Massimo angolo traiettorie ricorrenti;15;180;0
ST1 - COSMETIC;RecipeAdvancedParameter;Massima distanza traiettorie ricorrenti;20;1000;0
ST1 - COSMETIC;RecipeAdvancedParameter;Min num traiettorie ricorrenti;2;1000;0
ST1 - COSMETIC;RecipeAdvancedParameter;Lunghezza minima traiettorie ricorrenti;3;1000;0
ST1 - COSMETIC;RecipeAdvancedParameter;Soglia superiore mascheratura blob;10;100;0
ST1 - COSMETIC;RecipeAdvancedParameter;Soglia inferiore mascheratura blob;5;100;0
ST1 - COSMETIC;RecipeAdvancedParameter;Valore encoder prima immagine;320;10000;0
ST1 - COSMETIC;RecipeAdvancedParameter;Analisi fondo num immagini;5;10000;0
ST1 - COSMETIC;RecipeAdvancedParameter;Massima distanza per tracking;100;10000;0
ST1 - COSMETIC;RecipeAdvancedParameter;Max angolo traiettoria;70;360;0
ST1 - COSMETIC;RecipeAdvancedParameter;Area min traiettoria;5;10000;0
ST1 - COSMETIC;RecipeAdvancedParameter;Numero min segmenti per traiettoria;3;10000;0
ST1 - COSMETIC;ROIParameter;ROI ID;0;100;0
ST1 - COSMETIC;ROIParameter;Tipo di ROI;0;10;0
ST1 - COSMETIC;ROIParameter;ROI Start X;250;2048;0
ST1 - COSMETIC;ROIParameter;ROI End X;630;2048;0
ST1 - COSMETIC;ROIParameter;ROI Start Y;1200;2048;0
ST1 - COSMETIC;ROIParameter;ROI End Y;1950;2048;0
ST1 - COSMETIC;ROIParameter;Colore ROI;250;255;0
ST1 - COSMETIC;ROIParameter;Colore riempimento ROI;0;1;0
ST1 - COSMETIC;ROIParameter;Visualizzazione ROI;1;1;0
ST1 - COSMETIC;ROIParameter;$label_it;ROI Controllo Particellare;;
ST1 - COSMETIC;ROIParameter;$label_en;ROI Particle Inspection;;
ST1 - COSMETIC;ROIParameter;ROI ID;1;100;0
ST1 - COSMETIC;ROIParameter;Tipo di ROI;0;10;0
ST1 - COSMETIC;ROIParameter;ROI Start X;400;2048;0
ST1 - COSMETIC;ROIParameter;ROI End X;550;2048;0
ST1 - COSMETIC;ROIParameter;ROI Start Y;1100;2048;0
ST1 - COSMETIC;ROIParameter;ROI End Y;1300;2048;0
ST1 - COSMETIC;ROIParameter;Colore ROI;255;255;0
ST1 - COSMETIC;ROIParameter;Colore riempimento ROI;0;1;0
ST1 - COSMETIC;ROIParameter;Visualizzazione ROI;1;1;0
ST1 - COSMETIC;ROIParameter;$label_it;ROI Controllo Luce;;
ST1 - COSMETIC;ROIParameter;$label_en;ROI Light Control;;
ST2 - PARTICLE;AcquisitionParameter;Numero di frames;18;25;4
ST2 - PARTICLE;AcquisitionParameter;Tempo di esposizione [us];27;10000;1
ST2 - PARTICLE;AcquisitionParameter;Guadagno;0;1023;0
ST2 - PARTICLE;AcquisitionParameter;On/Off Strobo;1;1;0
ST2 - PARTICLE;AcquisitionParameter;Tempo di accensione strobo [us];30;260;10
ST2 - PARTICLE;AcquisitionParameter;Ritardo acquisizione [us];0;1000;0
ST2 - PARTICLE;AcquisitionParameter;Guadagno blu;0;1000;0
ST2 - PARTICLE;AcquisitionParameter;Guadagno rosso;0;1000;0
ST2 - PARTICLE;AcquisitionParameter;Guadagno verde;0;1000;0
ST2 - PARTICLE;AcquisitionParameter;Pin di Uscita strobo;0;1000;0
ST2 - PARTICLE;AcquisitionParameter;Ingresso trigger;0;1000;0
ST2 - PARTICLE;AcquisitionParameter;Abilitazione A.O.I.;1;1;0
ST2 - PARTICLE;AcquisitionParameter;A.O.I. X Start;576;2047;0
ST2 - PARTICLE;AcquisitionParameter;A.O.I. Y Start;0;2047;0
ST2 - PARTICLE;AcquisitionParameter;A.O.I. Intervallo X;896;2048;16
ST2 - PARTICLE;AcquisitionParameter;A.O.I. Intervallo Y;2048;2048;64
ST2 - PARTICLE;AcquisitionParameter;Vial axis filename;10.200.12.72_vial_24000.xml;;
ST2 - PARTICLE;FeaturesEnableParameter;Abilitazione analisi;1;1;0
ST2 - PARTICLE;FeaturesEnableParameter;Abilitazione informazioni su immagine;1;1;0
ST2 - PARTICLE;FeaturesEnableParameter;Display dei blobs;1;1;0
ST2 - PARTICLE;FeaturesEnableParameter;Display Bolle;0;1;0
ST2 - PARTICLE;FeaturesEnableParameter;Abilitazione salvataggio immagini differenze;0;1;0
ST2 - PARTICLE;FeaturesEnableParameter;Abilitazione salvataggio traiettoria;0;1;0
ST2 - PARTICLE;FeaturesEnableParameter;Invia live decimato;0;1;0
ST2 - PARTICLE;FeaturesEnableParameter;Abilitazione invio immagine risultati;1;1;0
ST2 - PARTICLE;FeaturesEnableParameter;Invio traiettorie;0;1;0
ST2 - PARTICLE;FeaturesEnableParameter;Abilitazione analisi menisco;1;1;0
ST2 - PARTICLE;FeaturesEnableParameter;Display analisi menisco;1;2;0
ST2 - PARTICLE;FeaturesEnableParameter;Abilitazione normalizzazione sensore;1;1;0
ST2 - PARTICLE;FeaturesEnableParameter;Abilitazione ROI dinamica;1;1;0
ST2 - PARTICLE;FeaturesEnableParameter;Visualizzazione ROI sui risultati;1;1;0
ST2 - PARTICLE;FeaturesEnableParameter;Abilitazione espansione della ROI sul fondo;1;1;0
ST2 - PARTICLE;FeaturesEnableParameter;Abilitazione filtro di Kalman per tracking;0;1;0
ST2 - PARTICLE;FeaturesEnableParameter;Abilitazione analisi riempimento;0;1;0
ST2 - PARTICLE;FeaturesEnableParameter;Abilitazione mascheratura blob;1;1;0
ST2 - PARTICLE;FeaturesEnableParameter;Visualizzazione mascheratura blob;1;1;0
ST2 - PARTICLE;FeaturesEnableParameter;Visualizzazione Traiettorie;0;1;0
ST2 - PARTICLE;FeaturesEnableParameter;On/Off Analisi del fondo;1;1;0
ST2 - PARTICLE;FeaturesEnableParameter;On/Off Traiettorie;0;1;0
ST2 - PARTICLE;RecipeSimpleParameter;Sensibilità;10;255;0
ST2 - PARTICLE;RecipeSimpleParameter;Soglia alta binarizzazione ROI dinamica;243;255;0
ST2 - PARTICLE;RecipeSimpleParameter;Soglia bassa binarizzazione ROI dinamica;80;255;0
ST2 - PARTICLE;RecipeSimpleParameter;GAP Fondo;10;255;0
ST2 - PARTICLE;RecipeSimpleParameter;GAP Menisco;15;255;0
ST2 - PARTICLE;RecipeSimpleParameter;Soglia menisco P.U.M.;110;255;0
ST2 - PARTICLE;RecipeSimpleParameter;Massima area blob reject;1000;100000;0
ST2 - PARTICLE;RecipeSimpleParameter;Area minima blob;9;10000;0
ST2 - PARTICLE;RecipeSimpleParameter;Massima area low blob reject analisi;1000;100000;0
ST2 - PARTICLE;RecipeSimpleParameter;Livello di riempimento min;100;2048;0
ST2 - PARTICLE;RecipeSimpleParameter;Livello di riempimento max;2000;2048;0
ST2 - PARTICLE;RecipeSimpleParameter;Livello di luminosità;0;255;0
ST2 - PARTICLE;RecipeSimpleParameter;BlobMax numero di Frames consecutivi;1;10000;0
ST2 - PARTICLE;RecipeSimpleParameter;Sensibilità fondo;40;255;0
ST2 - PARTICLE;RecipeAdvancedParameter;1° filtro morfologico;0;2;0
ST2 - PARTICLE;RecipeAdvancedParameter;2° filtro morfologico;0;2;0
ST2 - PARTICLE;RecipeAdvancedParameter;Dimensione buffer RLE;1000000;1000000;1000000
ST2 - PARTICLE;RecipeAdvancedParameter;Num morf. ROI dinamica;0;20;0
ST2 - PARTICLE;RecipeAdvancedParameter;Analisi menisco min num;5;100;0
ST2 - PARTICLE;RecipeAdvancedParameter;Sensibilità analisi menisco;25;255;0
ST2 - PARTICLE;RecipeAdvancedParameter;P.U.M. pixel offset;50;1024;0
ST2 - PARTICLE;RecipeAdvancedParameter;Numero massimo di blob;100;1000;0
ST2 - PARTICLE;RecipeAdvancedParameter;Massimo fattore di forma bolle;1.5;10;0
ST2 - PARTICLE;RecipeAdvancedParameter;Diff minima densità ottica bolle;200;255;0
ST2 - PARTICLE;RecipeAdvancedParameter;Dimensione massima bolle;50;1000;0
ST2 - PARTICLE;RecipeAdvancedParameter;Dimensione minima bolle;7;1000;0
ST2 - PARTICLE;RecipeAdvancedParameter;Massima accelerazione per tracking;3;1000;-1
ST2 - PARTICLE;RecipeAdvancedParameter;Max rapporto aree per tracking;3;1000;1
ST2 - PARTICLE;RecipeAdvancedParameter;Max rapporto altezze per tracking;3;1000;1
ST2 - PARTICLE;RecipeAdvancedParameter;Max rapporto larghezze per tracking;3;1000;1
ST2 - PARTICLE;RecipeAdvancedParameter;Angolo max segmento tracking;45;90;0
ST2 - PARTICLE;RecipeAdvancedParameter;Angolo max traiettoria;30;180;-1
ST2 - PARTICLE;RecipeAdvancedParameter;Minima distanza per tracking;5;1000;0
ST2 - PARTICLE;RecipeAdvancedParameter;Numero frame backward per tracking;2;3;1
ST2 - PARTICLE;RecipeAdvancedParameter;Tracking frame backward reduction;25;1000;0
ST2 - PARTICLE;RecipeAdvancedParameter;Dimensione buffer traiettorie;1000000;1000000;0
ST2 - PARTICLE;RecipeAdvancedParameter;Lunghezza max segmenti traiettoria;0;2048;0
ST2 - PARTICLE;RecipeAdvancedParameter;Lunghezza min segmenti traiettoria;0;2048;0
ST2 - PARTICLE;RecipeAdvancedParameter;Num campioni traiettorie ricorrenti;10;1000;0
ST2 - PARTICLE;RecipeAdvancedParameter;Massimo angolo traiettorie ricorrenti;15;180;0
ST2 - PARTICLE;RecipeAdvancedParameter;Massima distanza traiettorie ricorrenti;20;1000;0
ST2 - PARTICLE;RecipeAdvancedParameter;Min num traiettorie ricorrenti;2;1000;0
ST2 - PARTICLE;RecipeAdvancedParameter;Lunghezza minima traiettorie ricorrenti;3;1000;0
ST2 - PARTICLE;RecipeAdvancedParameter;Soglia superiore mascheratura blob;10;100;0
ST2 - PARTICLE;RecipeAdvancedParameter;Soglia inferiore mascheratura blob;5;100;0
ST2 - PARTICLE;RecipeAdvancedParameter;Valore encoder prima immagine;320;10000;0
ST2 - PARTICLE;RecipeAdvancedParameter;Analisi fondo num immagini;5;;
ST2 - PARTICLE;RecipeAdvancedParameter;Massima distanza per tracking;100;;
ST2 - PARTICLE;RecipeAdvancedParameter;Max angolo traiettoria;70;;
ST2 - PARTICLE;RecipeAdvancedParameter;Area min traiettoria;5;;
ST2 - PARTICLE;RecipeAdvancedParameter;Numero min segmenti per traiettoria;3;;
ST2 - PARTICLE;ROIParameter;ROI ID;0;100;0
ST2 - PARTICLE;ROIParameter;Tipo di ROI;0;10;0
ST2 - PARTICLE;ROIParameter;ROI Start X;250;2048;0
ST2 - PARTICLE;ROIParameter;ROI End X;630;2048;0
ST2 - PARTICLE;ROIParameter;ROI Start Y;1200;2048;0
ST2 - PARTICLE;ROIParameter;ROI End Y;1950;2048;0
ST2 - PARTICLE;ROIParameter;Colore ROI;250;255;0
ST2 - PARTICLE;ROIParameter;Colore riempimento ROI;0;1;0
ST2 - PARTICLE;ROIParameter;Visualizzazione ROI;1;1;0
ST2 - PARTICLE;ROIParameter;$label_it;ROI Controllo Particellare;;
ST2 - PARTICLE;ROIParameter;$label_en;ROI Particle Inspection;;
ST2 - PARTICLE;ROIParameter;ROI ID;1;100;0
ST2 - PARTICLE;ROIParameter;Tipo di ROI;0;10;0
ST2 - PARTICLE;ROIParameter;ROI Start X;400;2048;0
ST2 - PARTICLE;ROIParameter;ROI End X;550;2048;0
ST2 - PARTICLE;ROIParameter;ROI Start Y;1100;2048;0
ST2 - PARTICLE;ROIParameter;ROI End Y;1300;2048;0
ST2 - PARTICLE;ROIParameter;Colore ROI;255;255;0
ST2 - PARTICLE;ROIParameter;Colore riempimento ROI;0;1;0
ST2 - PARTICLE;ROIParameter;Visualizzazione ROI;1;1;0
ST2 - PARTICLE;ROIParameter;$label_it;ROI Controllo Luce;;
ST2 - PARTICLE;ROIParameter;$label_en;ROI Light Control;;
ST3 - PARTICLE;AcquisitionParameter;Numero di frames;18;25;4
ST3 - PARTICLE;AcquisitionParameter;Tempo di esposizione [us];35;10000;1
ST3 - PARTICLE;AcquisitionParameter;Guadagno;0;1023;0
ST3 - PARTICLE;AcquisitionParameter;On/Off Strobo;1;1;0
ST3 - PARTICLE;AcquisitionParameter;Tempo di accensione strobo [us];41;260;10
ST3 - PARTICLE;AcquisitionParameter;Ritardo acquisizione [us];0;1000;0
ST3 - PARTICLE;AcquisitionParameter;Guadagno blu;0;1000;0
ST3 - PARTICLE;AcquisitionParameter;Guadagno rosso;0;1000;0
ST3 - PARTICLE;AcquisitionParameter;Guadagno verde;0;1000;0
ST3 - PARTICLE;AcquisitionParameter;Pin di Uscita strobo;0;1000;0
ST3 - PARTICLE;AcquisitionParameter;Ingresso trigger;0;1000;0
ST3 - PARTICLE;AcquisitionParameter;Abilitazione A.O.I.;1;1;0
ST3 - PARTICLE;AcquisitionParameter;A.O.I. X Start;576;2047;0
ST3 - PARTICLE;AcquisitionParameter;A.O.I. Y Start;0;2047;0
ST3 - PARTICLE;AcquisitionParameter;A.O.I. Intervallo X;896;2048;16
ST3 - PARTICLE;AcquisitionParameter;A.O.I. Intervallo Y;2048;2048;64
ST3 - PARTICLE;AcquisitionParameter;Vial axis filename;10.200.13.73_vial_24000.xml;;
ST3 - PARTICLE;FeaturesEnableParameter;Abilitazione analisi;1;1;0
ST3 - PARTICLE;FeaturesEnableParameter;Abilitazione informazioni su immagine;1;1;0
ST3 - PARTICLE;FeaturesEnableParameter;Display dei blobs;1;1;0
ST3 - PARTICLE;FeaturesEnableParameter;Display Bolle;0;1;0
ST3 - PARTICLE;FeaturesEnableParameter;Abilitazione salvataggio immagini differenze;0;1;0
ST3 - PARTICLE;FeaturesEnableParameter;Abilitazione salvataggio traiettoria;0;1;0
ST3 - PARTICLE;FeaturesEnableParameter;Invia live decimato;0;1;0
ST3 - PARTICLE;FeaturesEnableParameter;Abilitazione invio immagine risultati;1;1;0
ST3 - PARTICLE;FeaturesEnableParameter;Invio traiettorie;0;1;0
ST3 - PARTICLE;FeaturesEnableParameter;Abilitazione analisi menisco;1;1;0
ST3 - PARTICLE;FeaturesEnableParameter;Display analisi menisco;1;2;0
ST3 - PARTICLE;FeaturesEnableParameter;Abilitazione normalizzazione sensore;1;1;0
ST3 - PARTICLE;FeaturesEnableParameter;Abilitazione ROI dinamica;1;1;0
ST3 - PARTICLE;FeaturesEnableParameter;Visualizzazione ROI sui risultati;1;1;0
ST3 - PARTICLE;FeaturesEnableParameter;Abilitazione espansione della ROI sul fondo;1;1;0
ST3 - PARTICLE;FeaturesEnableParameter;Abilitazione filtro di Kalman per tracking;0;1;0
ST3 - PARTICLE;FeaturesEnableParameter;Abilitazione analisi riempimento;0;1;0
ST3 - PARTICLE;FeaturesEnableParameter;Abilitazione mascheratura blob;1;1;0
ST3 - PARTICLE;FeaturesEnableParameter;Visualizzazione mascheratura blob;1;1;0
ST3 - PARTICLE;FeaturesEnableParameter;Visualizzazione Traiettorie;0;1;0
ST3 - PARTICLE;FeaturesEnableParameter;On/Off Analisi del fondo;0;;
ST3 - PARTICLE;FeaturesEnableParameter;On/Off Traiettorie;0;;
ST3 - PARTICLE;RecipeSimpleParameter;Sensibilità;20;255;0
ST3 - PARTICLE;RecipeSimpleParameter;Soglia alta binarizzazione ROI dinamica;243;255;0
ST3 - PARTICLE;RecipeSimpleParameter;Soglia bassa binarizzazione ROI dinamica;80;255;0
ST3 - PARTICLE;RecipeSimpleParameter;GAP Fondo;10;255;0
ST3 - PARTICLE;RecipeSimpleParameter;GAP Menisco;30;255;0
ST3 - PARTICLE;RecipeSimpleParameter;Soglia menisco P.U.M.;110;255;0
ST3 - PARTICLE;RecipeSimpleParameter;Massima area blob reject;200;100000;0
ST3 - PARTICLE;RecipeSimpleParameter;Area minima blob;10;10000;0
ST3 - PARTICLE;RecipeSimpleParameter;Massima area low blob reject analisi;100;100000;0
ST3 - PARTICLE;RecipeSimpleParameter;Livello di riempimento min;500;2048;0
ST3 - PARTICLE;RecipeSimpleParameter;Livello di riempimento max;1500;2048;0
ST3 - PARTICLE;RecipeSimpleParameter;Livello di luminosità;0;255;0
ST3 - PARTICLE;RecipeSimpleParameter;BlobMax numero di Frames consecutivi;1;255;0
ST3 - PARTICLE;RecipeSimpleParameter;Sensibilità fondo;50;255;0
ST3 - PARTICLE;RecipeAdvancedParameter;1° filtro morfologico;0;2;0
ST3 - PARTICLE;RecipeAdvancedParameter;2° filtro morfologico;0;2;0
ST3 - PARTICLE;RecipeAdvancedParameter;Dimensione buffer RLE;1000000;1000000;1000000
ST3 - PARTICLE;RecipeAdvancedParameter;Num morf. ROI dinamica;0;20;0
ST3 - PARTICLE;RecipeAdvancedParameter;Analisi menisco min num;10;100;0
ST3 - PARTICLE;RecipeAdvancedParameter;Sensibilità analisi menisco;30;255;0
ST3 - PARTICLE;RecipeAdvancedParameter;P.U.M. pixel offset;50;1024;0
ST3 - PARTICLE;RecipeAdvancedParameter;Numero massimo di blob;100;1000;0
ST3 - PARTICLE;RecipeAdvancedParameter;Massimo fattore di forma bolle;1.5;10;0
ST3 - PARTICLE;RecipeAdvancedParameter;Diff minima densità ottica bolle;100;255;0
ST3 - PARTICLE;RecipeAdvancedParameter;Dimensione massima bolle;50;1000;0
ST3 - PARTICLE;RecipeAdvancedParameter;Dimensione minima bolle;7;1000;0
ST3 - PARTICLE;RecipeAdvancedParameter;Massima accelerazione per tracking;3;1000;-1
ST3 - PARTICLE;RecipeAdvancedParameter;Max rapporto aree per tracking;3;1000;1
ST3 - PARTICLE;RecipeAdvancedParameter;Max rapporto altezze per tracking;3;1000;1
ST3 - PARTICLE;RecipeAdvancedParameter;Max rapporto larghezze per tracking;3;1000;1
ST3 - PARTICLE;RecipeAdvancedParameter;Angolo max segmento tracking;45;90;0
ST3 - PARTICLE;RecipeAdvancedParameter;Angolo max traiettoria;30;180;-1
ST3 - PARTICLE;RecipeAdvancedParameter;Minima distanza per tracking;5;1000;0
ST3 - PARTICLE;RecipeAdvancedParameter;Numero frame backward per tracking;2;3;1
ST3 - PARTICLE;RecipeAdvancedParameter;Tracking frame backward reduction;25;1000;0
ST3 - PARTICLE;RecipeAdvancedParameter;Dimensione buffer traiettorie;1000000;1000000;0
ST3 - PARTICLE;RecipeAdvancedParameter;Lunghezza max segmenti traiettoria;0;2048;0
ST3 - PARTICLE;RecipeAdvancedParameter;Lunghezza min segmenti traiettoria;0;2048;0
ST3 - PARTICLE;RecipeAdvancedParameter;Num campioni traiettorie ricorrenti;10;1000;0
ST3 - PARTICLE;RecipeAdvancedParameter;Massimo angolo traiettorie ricorrenti;15;180;0
ST3 - PARTICLE;RecipeAdvancedParameter;Massima distanza traiettorie ricorrenti;20;1000;0
ST3 - PARTICLE;RecipeAdvancedParameter;Min num traiettorie ricorrenti;2;1000;0
ST3 - PARTICLE;RecipeAdvancedParameter;Lunghezza minima traiettorie ricorrenti;3;1000;0
ST3 - PARTICLE;RecipeAdvancedParameter;Soglia superiore mascheratura blob;10;100;0
ST3 - PARTICLE;RecipeAdvancedParameter;Soglia inferiore mascheratura blob;5;100;0
ST3 - PARTICLE;RecipeAdvancedParameter;Valore encoder prima immagine;535;10000;0
ST3 - PARTICLE;RecipeAdvancedParameter;Analisi fondo num immagini;10;;
ST3 - PARTICLE;RecipeAdvancedParameter;Massima distanza per tracking;100;;
ST3 - PARTICLE;RecipeAdvancedParameter;Max angolo traiettoria;70;;
ST3 - PARTICLE;RecipeAdvancedParameter;Area min traiettoria;5;;
ST3 - PARTICLE;RecipeAdvancedParameter;Numero min segmenti per traiettoria;3;;
ST3 - PARTICLE;ROIParameter;ROI ID;0;100;0
ST3 - PARTICLE;ROIParameter;Tipo di ROI;0;10;0
ST3 - PARTICLE;ROIParameter;ROI Start X;300;2048;0
ST3 - PARTICLE;ROIParameter;ROI End X;580;2048;0
ST3 - PARTICLE;ROIParameter;ROI Start Y;1300;2048;0
ST3 - PARTICLE;ROIParameter;ROI End Y;1950;2048;0
ST3 - PARTICLE;ROIParameter;Colore ROI;250;255;0
ST3 - PARTICLE;ROIParameter;Colore riempimento ROI;0;1;0
ST3 - PARTICLE;ROIParameter;Visualizzazione ROI;1;1;0
ST3 - PARTICLE;ROIParameter;$label_it;ROI Controllo Particellare;;
ST3 - PARTICLE;ROIParameter;$label_en;ROI Particle Inspection;;
ST3 - PARTICLE;ROIParameter;ROI ID;1;100;0
ST3 - PARTICLE;ROIParameter;Tipo di ROI;0;10;0
ST3 - PARTICLE;ROIParameter;ROI Start X;360;2048;0
ST3 - PARTICLE;ROIParameter;ROI End X;530;2048;0
ST3 - PARTICLE;ROIParameter;ROI Start Y;1100;2048;0
ST3 - PARTICLE;ROIParameter;ROI End Y;1300;2048;0
ST3 - PARTICLE;ROIParameter;Colore ROI;255;255;0
ST3 - PARTICLE;ROIParameter;Colore riempimento ROI;0;1;0
ST3 - PARTICLE;ROIParameter;Visualizzazione ROI;1;1;0
ST3 - PARTICLE;ROIParameter;$label_it;ROI Controllo Luce;;
ST3 - PARTICLE;ROIParameter;$label_en;ROI Light Control;;
ST4 - PARTICLE;AcquisitionParameter;Numero di frames;18;25;4
ST4 - PARTICLE;AcquisitionParameter;Tempo di esposizione [us];35;10000;1
ST4 - PARTICLE;AcquisitionParameter;Guadagno;0;1023;0
ST4 - PARTICLE;AcquisitionParameter;On/Off Strobo;1;1;0
ST4 - PARTICLE;AcquisitionParameter;Tempo di accensione strobo [us];27;260;10
ST4 - PARTICLE;AcquisitionParameter;Ritardo acquisizione [us];0;1000;0
ST4 - PARTICLE;AcquisitionParameter;Guadagno blu;0;1000;0
ST4 - PARTICLE;AcquisitionParameter;Guadagno rosso;0;1000;0
ST4 - PARTICLE;AcquisitionParameter;Guadagno verde;0;1000;0
ST4 - PARTICLE;AcquisitionParameter;Pin di Uscita strobo;0;1000;0
ST4 - PARTICLE;AcquisitionParameter;Ingresso trigger;0;1000;0
ST4 - PARTICLE;AcquisitionParameter;Abilitazione A.O.I.;1;1;0
ST4 - PARTICLE;AcquisitionParameter;A.O.I. X Start;576;2047;0
ST4 - PARTICLE;AcquisitionParameter;A.O.I. Y Start;0;2047;0
ST4 - PARTICLE;AcquisitionParameter;A.O.I. Intervallo X;896;2048;16
ST4 - PARTICLE;AcquisitionParameter;A.O.I. Intervallo Y;2048;2048;64
ST4 - PARTICLE;AcquisitionParameter;Vial axis filename;10.200.14.74_vial_24000.xml;;
ST4 - PARTICLE;FeaturesEnableParameter;Abilitazione analisi;1;1;0
ST4 - PARTICLE;FeaturesEnableParameter;Abilitazione informazioni su immagine;1;1;0
ST4 - PARTICLE;FeaturesEnableParameter;Display dei blobs;1;1;0
ST4 - PARTICLE;FeaturesEnableParameter;Display Bolle;0;1;0
ST4 - PARTICLE;FeaturesEnableParameter;Abilitazione salvataggio immagini differenze;0;1;0
ST4 - PARTICLE;FeaturesEnableParameter;Abilitazione salvataggio traiettoria;0;1;0
ST4 - PARTICLE;FeaturesEnableParameter;Invia live decimato;0;1;0
ST4 - PARTICLE;FeaturesEnableParameter;Abilitazione invio immagine risultati;1;1;0
ST4 - PARTICLE;FeaturesEnableParameter;Invio traiettorie;0;1;0
ST4 - PARTICLE;FeaturesEnableParameter;Abilitazione analisi menisco;1;1;0
ST4 - PARTICLE;FeaturesEnableParameter;Display analisi menisco;1;2;0
ST4 - PARTICLE;FeaturesEnableParameter;Abilitazione normalizzazione sensore;1;1;0
ST4 - PARTICLE;FeaturesEnableParameter;Abilitazione ROI dinamica;1;1;0
ST4 - PARTICLE;FeaturesEnableParameter;Visualizzazione ROI sui risultati;1;1;0
ST4 - PARTICLE;FeaturesEnableParameter;Abilitazione espansione della ROI sul fondo;1;1;0
ST4 - PARTICLE;FeaturesEnableParameter;Abilitazione filtro di Kalman per tracking;0;1;0
ST4 - PARTICLE;FeaturesEnableParameter;Abilitazione analisi riempimento;0;1;0
ST4 - PARTICLE;FeaturesEnableParameter;Abilitazione mascheratura blob;1;1;0
ST4 - PARTICLE;FeaturesEnableParameter;Visualizzazione mascheratura blob;1;1;0
ST4 - PARTICLE;FeaturesEnableParameter;Visualizzazione Traiettorie;0;1;0
ST4 - PARTICLE;FeaturesEnableParameter;On/Off Analisi del fondo;0;;
ST4 - PARTICLE;FeaturesEnableParameter;On/Off Traiettorie;0;;
ST4 - PARTICLE;RecipeSimpleParameter;Sensibilità;20;255;0
ST4 - PARTICLE;RecipeSimpleParameter;Soglia alta binarizzazione ROI dinamica;243;255;0
ST4 - PARTICLE;RecipeSimpleParameter;Soglia bassa binarizzazione ROI dinamica;80;255;0
ST4 - PARTICLE;RecipeSimpleParameter;GAP Fondo;10;255;0
ST4 - PARTICLE;RecipeSimpleParameter;GAP Menisco;30;255;0
ST4 - PARTICLE;RecipeSimpleParameter;Soglia menisco P.U.M.;110;255;0
ST4 - PARTICLE;RecipeSimpleParameter;Massima area blob reject;200;100000;0
ST4 - PARTICLE;RecipeSimpleParameter;Area minima blob;10;2048;0
ST4 - PARTICLE;RecipeSimpleParameter;Massima area low blob reject analisi;100;100000;0
ST4 - PARTICLE;RecipeSimpleParameter;Livello di riempimento min;900;2048;0
ST4 - PARTICLE;RecipeSimpleParameter;Livello di riempimento max;1100;2048;0
ST4 - PARTICLE;RecipeSimpleParameter;Livello di luminosità;0;255;0
ST4 - PARTICLE;RecipeSimpleParameter;BlobMax numero di Frames consecutivi;1;10000;0
ST4 - PARTICLE;RecipeSimpleParameter;Sensibilità fondo;50;255;0
ST4 - PARTICLE;RecipeAdvancedParameter;1° filtro morfologico;0;2;0
ST4 - PARTICLE;RecipeAdvancedParameter;2° filtro morfologico;0;2;0
ST4 - PARTICLE;RecipeAdvancedParameter;Dimensione buffer RLE;1000000;1000000;1000000
ST4 - PARTICLE;RecipeAdvancedParameter;Num morf. ROI dinamica;0;20;0
ST4 - PARTICLE;RecipeAdvancedParameter;Analisi menisco min num;10;100;0
ST4 - PARTICLE;RecipeAdvancedParameter;Sensibilità analisi menisco;30;255;0
ST4 - PARTICLE;RecipeAdvancedParameter;P.U.M. pixel offset;50;1024;0
ST4 - PARTICLE;RecipeAdvancedParameter;Numero massimo di blob;100;1000;0
ST4 - PARTICLE;RecipeAdvancedParameter;Massimo fattore di forma bolle;1.5;10;0
ST4 - PARTICLE;RecipeAdvancedParameter;Diff minima densità ottica bolle;200;255;0
ST4 - PARTICLE;RecipeAdvancedParameter;Dimensione massima bolle;50;1000;0
ST4 - PARTICLE;RecipeAdvancedParameter;Dimensione minima bolle;7;1000;0
ST4 - PARTICLE;RecipeAdvancedParameter;Massima accelerazione per tracking;3;1000;-1
ST4 - PARTICLE;RecipeAdvancedParameter;Max rapporto aree per tracking;3;1000;1
ST4 - PARTICLE;RecipeAdvancedParameter;Max rapporto altezze per tracking;3;1000;1
ST4 - PARTICLE;RecipeAdvancedParameter;Max rapporto larghezze per tracking;3;1000;1
ST4 - PARTICLE;RecipeAdvancedParameter;Angolo max segmento tracking;45;90;0
ST4 - PARTICLE;RecipeAdvancedParameter;Angolo max traiettoria;30;180;-1
ST4 - PARTICLE;RecipeAdvancedParameter;Minima distanza per tracking;5;1000;0
ST4 - PARTICLE;RecipeAdvancedParameter;Numero frame backward per tracking;2;3;1
ST4 - PARTICLE;RecipeAdvancedParameter;Tracking frame backward reduction;25;1000;0
ST4 - PARTICLE;RecipeAdvancedParameter;Dimensione buffer traiettorie;1000000;1000000;0
ST4 - PARTICLE;RecipeAdvancedParameter;Lunghezza max segmenti traiettoria;0;2048;0
ST4 - PARTICLE;RecipeAdvancedParameter;Lunghezza min segmenti traiettoria;0;2048;0
ST4 - PARTICLE;RecipeAdvancedParameter;Num campioni traiettorie ricorrenti;10;1000;0
ST4 - PARTICLE;RecipeAdvancedParameter;Massimo angolo traiettorie ricorrenti;15;180;0
ST4 - PARTICLE;RecipeAdvancedParameter;Massima distanza traiettorie ricorrenti;20;1000;0
ST4 - PARTICLE;RecipeAdvancedParameter;Min num traiettorie ricorrenti;2;1000;0
ST4 - PARTICLE;RecipeAdvancedParameter;Lunghezza minima traiettorie ricorrenti;3;1000;0
ST4 - PARTICLE;RecipeAdvancedParameter;Soglia superiore mascheratura blob;10;100;0
ST4 - PARTICLE;RecipeAdvancedParameter;Soglia inferiore mascheratura blob;5;100;0
ST4 - PARTICLE;RecipeAdvancedParameter;Valore encoder prima immagine;480;10000;0
ST4 - PARTICLE;RecipeAdvancedParameter;Analisi fondo num immagini;10;;
ST4 - PARTICLE;RecipeAdvancedParameter;Massima distanza per tracking;100;;
ST4 - PARTICLE;RecipeAdvancedParameter;Max angolo traiettoria;70;;
ST4 - PARTICLE;RecipeAdvancedParameter;Area min traiettoria;5;;
ST4 - PARTICLE;RecipeAdvancedParameter;Numero min segmenti per traiettoria;3;;
ST4 - PARTICLE;ROIParameter;ROI ID;0;100;0
ST4 - PARTICLE;ROIParameter;Tipo di ROI;0;10;0
ST4 - PARTICLE;ROIParameter;ROI Start X;300;2048;0
ST4 - PARTICLE;ROIParameter;ROI End X;580;2048;0
ST4 - PARTICLE;ROIParameter;ROI Start Y;1300;2048;0
ST4 - PARTICLE;ROIParameter;ROI End Y;1950;2048;0
ST4 - PARTICLE;ROIParameter;Colore ROI;250;255;0
ST4 - PARTICLE;ROIParameter;Colore riempimento ROI;0;1;0
ST4 - PARTICLE;ROIParameter;Visualizzazione ROI;1;1;0
ST4 - PARTICLE;ROIParameter;$label_it;ROI Controllo Particellare;;
ST4 - PARTICLE;ROIParameter;$label_en;ROI Particle Inspection;;
ST4 - PARTICLE;ROIParameter;ROI ID;1;100;0
ST4 - PARTICLE;ROIParameter;Tipo di ROI;0;10;0
ST4 - PARTICLE;ROIParameter;ROI Start X;360;2048;0
ST4 - PARTICLE;ROIParameter;ROI End X;530;2048;0
ST4 - PARTICLE;ROIParameter;ROI Start Y;1100;2048;0
ST4 - PARTICLE;ROIParameter;ROI End Y;1300;2048;0
ST4 - PARTICLE;ROIParameter;Colore ROI;255;255;0
ST4 - PARTICLE;ROIParameter;Colore riempimento ROI;0;1;0
ST4 - PARTICLE;ROIParameter;Visualizzazione ROI;1;1;0
ST4 - PARTICLE;ROIParameter;$label_it;ROI Controllo Luce;;
ST4 - PARTICLE;ROIParameter;$label_en;ROI Light Control;;
